cell	group
ATTACTCGTAGTATCC-1#146p1	monocyte
GTGACATAGAGGTGGG-1#146p1	B
TAGCCCTAGCTAACAA-1#146p1	erythrocyte
GCAGCCAAGTGAGTTA-1#146p1	monocyte
TGTGACAAGGGAGATA-1#146p1	monocyte
GCTTGCTCAGGCTACC-1#146p1	T
TACATGGAGCGTAGCA-1#146p1	erythrocyte
GCGCATGTCTATTTCG-1#146p1	unknown
GTTCAAGGTCATCGTA-1#146p1	T
GAGCATTTCGCTATAG-1#146p1	erythrocyte
TTTGAGGTCTGAGTCA-1#146p1	T
TGCACCTGTGGATTTC-1#146p1	erythrocyte
CAAGGCCGTCTGCACG-1#146p1	T
ACCGAATCACGTTAGT-1#146p1	monocyte
AACGTACAGCGTCTGC-1#146p1	monocyte
TTGCACCTCCGATTGA-1#146p1	unknown
GATCATGTCCATCTAT-1#146p1	monocyte
GAGATTCGTGCCCAGT-1#146p1	erythrocyte
AGGACGAGTTCTACCC-1#146p1	T
TTGCGAATCTCCACTG-1#146p1	erythrocyte
TAGCATGGTCAACTAC-1#146p1	monocyte
CAGTGTAGTGGACCAA-1#146p1	T
CCAGAATCAGGATAGC-1#146p1	T
GTTGGTACATCATGTG-1#146p1	monocyte
TAAGTGCGTGGAAAGA-1#146p1	monocyte
ACTACGATCACAAGCT-1#146p1	T
TCACCACAGCTGATTC-1#146p1	T
ACCCAAAAGTAACATG-1#146p1	erythrocyte
TGATGCAGTAGACACG-1#146p1	erythrocyte
CCACGTTCAAGCAACG-1#146p1	T
TAACAGCCATTGCCTC-1#146p1	erythrocyte
AACGGGACAGGGTAAC-1#146p1	monocyte
GCCAGACTCGGAAAGC-1#146p1	erythrocyte
CCAGATAGTCAATACC-1#146p1	T
GAAATGAGTAACACTC-1#146p1	T
GCAGATTAGAAATGGG-1#146p1	monocyte
GCAGATTGTCGCTAGC-1#146p1	erythrocyte
GCACGGTCATTTAGGC-1#146p1	monocyte
TAGCCGGAGGTTCGAG-1#146p1	erythrocyte
AACCAACCAGTTACAC-1#146p1	T
GCATGATTCCCAATGA-1#146p1	T
CTGGCAGCATCCCTTG-1#146p1	B
AGTTTGGTCTATGAGC-1#146p1	B
GTCTACCTCTCTGCGT-1#146p1	B
GCTCCTACACAGAAGC-1#146p1	B
ATCCCTGGTAGACGCA-1#146p1	T
TAATTCCCAAGTCTGT-1#146p1	monocyte
AGCCTGGGTGTTTCTT-1#146p1	B
TCTCTGGGTGCTTACA-1#146p1	monocyte
CAGCTGGTCTTATCAC-1#146p1	T
TTACCCGCATGTCCCT-1#146p1	T
TTAGGTGTCCGCGATG-1#146p1	erythrocyte
AAACTCGAGGTAGGAA-1#146p1	B
TAACAGCGTTACTTTC-1#146p1	monocyte
ATTGTCTGTCAGAGTG-1#146p1	T
TCACCACCAGAAAGAG-1#146p1	T
CATTCATCACCGATCG-1#146p1	T
ATAGGCTTCAGGAATA-1#146p1	monocyte
TCAGGGCAGTGAGTTA-1#146p1	erythrocyte
AGCCTCTAGCTGAGGT-1#146p1	monocyte
ACTAGGTCACAGCTTA-1#146p1	erythrocyte
ATAGGCTCACACATTG-1#146p1	erythrocyte
ATCCTGCCATCGGCCA-1#146p1	monocyte
GTTACGACAGGACTGA-1#146p1	erythrocyte
GGTTGCGGTCAGGCTC-1#146p1	T
GGCGAAACACTGTAAC-1#146p1	T
CGTAAACGTTAGCTCA-1#146p1	erythrocyte
TTCTGTAGTTTCCACC-1#146p1	T
CTTGCTGCAACGCACC-1#146p1	monocyte
CACTAAGTCGAACACT-1#146p1	monocyte
AGTTTGGAGTCTCCAA-1#146p1	erythrocyte
GAAAGTAAGCCTATAC-1#146p1	monocyte
GTTCAAGGTACCGGCT-1#146p1	monocyte
TAGCCCTGTTGCTTGA-1#146p1	erythrocyte
CGTAAACAGGCTTAAA-1#146p1	monocyte
ATTACCTAGTCGTATC-1#146p1	T
AGCTGTATCGCAAACT-1#146p1	T
GTACTTTAGAGACTCG-1#146p1	erythrocyte
CCCTAGTAGAATCAGT-1#146p1	T
CAGGATTCAGAACAGC-1#146p1	monocyte
GTCACTCAGAGCTGTG-1#146p1	T
TACGGATAGATCTAAG-1#146p1	monocyte
AATGCCAAGGCACCTC-1#146p1	erythrocyte
CTTAATCGTCGAGGAT-1#146p1	monocyte
CCCTAGTAGACTAGGC-1#146p1	monocyte
TCGAGCGAGGAAGAAC-1#146p1	erythrocyte
ACTATTCGTTCTGAAC-1#146p1	monocyte
TGTGACATCGGTCTAA-1#146p1	B
AACGGGAAGACGAAAG-1#146p1	monocyte
CATAACGGTCACAGGA-1#146p1	monocyte
TTACTTGAGTCTGTGT-1#146p1	unknown
ATTTGTCGTAAGCCTT-1#146p1	B
GAACGTTAGTCATACC-1#146p1	erythrocyte
GCGGGTTGTTTAGAAG-1#146p1	monocyte
CAAGCTATCCCATAGA-1#146p1	monocyte
CAATCCCTCGCACAAT-1#146p1	erythrocyte
ACTACGAGTAACCATC-1#146p1	monocyte
GCCTAGGAGCTAGCAG-1#146p1	monocyte
GGAGGATGTTTCCGGG-1#146p1	T
AACCGATGTAGCGGTA-1#146p1	T
AACCTGATCGCGCTGA-1#146p1	B
TCGAGCGGTAATGTGA-1#146p1	T
ACTCGGGCAATCAGGG-1#146p1	T
TTGTCTACAACTCAAC-1#146p1	erythrocyte
GGAGGATTCGGTTAGT-1#146p1	monocyte
TTACGTTTCCATTGAG-1#146p1	T
TACAGCAAGTACAACA-1#146p1	B
CTCATGCTCTCTTAAC-1#146p1	monocyte
ACCGGGTCAGCGTACC-1#146p1	T
CTCTCGATCTGTCGGG-1#146p1	monocyte
AGGACGATCCATTGAG-1#146p1	monocyte
GTCACCTGTCTAAGAA-1#146p1	T
TAGGTCAGTTGTGACT-1#146p1	T
TTACCGCCACGGCCAT-1#146p1	T
CCTAAAGCACGTTAGT-1#146p1	T
TCAAAGCAGCGCACAA-1#146p1	B
TCTCAGCTCGGTCCGA-1#146p1	monocyte
CATGTTTCATGCACTA-1#146p1	monocyte
AATGCCATCCGTACGG-1#146p1	B
ATTTGTCAGTCGACCC-1#146p1	T
GGAACTTTCCAGGCCA-1#146p1	T
GTACTTTCACGATATC-1#146p1	B
CACGTTCAGGGTATCG-1#146p1	erythrocyte
GGATGAGTCTTGTCAT-1#146p1	T
ATCCTGCGTCCTTATT-1#146p1	monocyte
TGGAAGGAGACGCCAA-1#146p1	erythrocyte
AGCCTCTCAAAGGCCA-1#146p1	T
AGTCCGGCAAAGGCCA-1#146p1	monocyte
GTCACAACACTAAACC-1#146p1	erythrocyte
GGCACGTCAAGCGACA-1#146p1	monocyte
TAATCGGAGTTCAGGG-1#146p1	monocyte
TGCCTGTGTTTCTCTA-1#146p1	erythrocyte
GTGCTGGAGGTTTCTG-1#146p1	monocyte
CTGTATTAGTCATCTG-1#146p1	monocyte
AGGCGTCGTGCCCGAT-1#146p1	B
ATGCATGCAGTCAGAG-1#146p1	monocyte
AATGGCTTCGACTTAG-1#146p1	T
TAAGCCAGTATCGCGC-1#146p1	B
GTAATCGGTTTGCCAA-1#146p1	erythrocyte
TCTCAGCTCAAATGGA-1#146p1	T
CGCAGGTGTTATCGAC-1#146p1	monocyte
ATGGATCTCGAGTGTT-1#146p1	monocyte
CAACGTACATGCACTA-1#146p1	T
ATTGTCTTCACCACAA-1#146p1	monocyte
GTACTTTCAAGGAAGA-1#146p1	monocyte
GTCACGGAGCGTCTGC-1#146p1	monocyte
CTTCCAGCACTCCACT-1#146p1	T
TACATGGCAGCAAACG-1#146p1	monocyte
GAAGAGCCAAGACACG-1#146p1	monocyte
CATTGGAGTTTCGTTT-1#146p1	monocyte
CTACTTATCCAGGGAA-1#146p1	monocyte
CACGTTCGTAGATGAT-1#146p1	monocyte
CCATACCTCTCTGAGA-1#146p1	T
GATGATCTCGATCGCG-1#146p1	T
TTCATCACATCTCTCG-1#146p1	erythrocyte
TCGGGACAGGCGTCCT-1#146p1	erythrocyte
CAGGGCTTCTCTCAAT-1#146p1	T
CTAACTTGTAGCAGGT-1#146p1	erythrocyte
TAGGAGGGTCCGTGCA-1#146p1	T
CTTCCAGCATCCGTAA-1#146p1	T
TGCTCACCACATATCG-1#146p1	erythrocyte
TAGGTCAGTAGTATCC-1#146p1	T
TTCATCAAGAGGAATG-1#146p1	monocyte
GGATGAGAGGTAGGCT-1#146p1	erythrocyte
TGCATTTGTCAGGCTC-1#146p1	erythrocyte
TACTCGCCACTGTCGG-1#146p1	monocyte
AGCTGTATCTATCTCA-1#146p1	T
CAACGGCCACGCGCAT-1#146p1	unknown
TGGTCCTCATTCACCC-1#146p1	monocyte
CAGTATGAGTAGAAGG-1#146p1	monocyte
ATTGTGGGTGTGTGCC-1#146p1	erythrocyte
TACGGATCAACTCGAT-1#146p1	monocyte
GGCGTTGTCGCTACCT-1#146p1	monocyte
GCATTCCTCGATCGCG-1#146p1	unknown
TAACGGTAGCTAGCAG-1#146p1	monocyte
TCTATTGGTCATAAGA-1#146p1	monocyte
TCCAGAAGTGTGACCC-1#146p1	monocyte
ACTACGAGTATGGGTG-1#146p1	B
GTTGGTAAGGCTTAAA-1#146p1	erythrocyte
GTTATGGAGTGCCCTG-1#146p1	T
ATATTCCAGTCTGCTA-1#146p1	T
TAGCATGGTTCCGGCA-1#146p1	T
AAATGCCGTTAGGCTT-1#146p1	erythrocyte
CTTAATCAGCAGAATT-1#146p1	T
GGTTGCGGTGTGCTTA-1#146p1	erythrocyte
GAGGATGGTACGTAAA-1#146p1	T
GGGACCTGTACAAATG-1#146p1	T
GTGACATGTCATAAGA-1#146p1	T
CATTGGACAGTATACC-1#146p1	erythrocyte
GCGGTGTCAGAACTTC-1#146p1	unknown
CCGTGAGGTACAAATG-1#146p1	T
CCCTGATGTATTGTGC-1#146p1	T
TACTCGCAGGGAGATA-1#146p1	B
CCCTAACGTCAGTGTT-1#146p1	erythrocyte
TAGCGGCCAGGTAGCA-1#146p1	erythrocyte
GATGATCGTATTGTCG-1#146p1	T
AGCCAGCCATTACTTC-1#146p1	monocyte
CGCTGGAAGCGGACTA-1#146p1	monocyte
CTCAGAAGTCCAGACC-1#146p1	B
TGGTCCTAGGTTTCTG-1#146p1	monocyte
GCATGATTCCTCCTGA-1#146p1	T
TTGTTCAGTGGTTCTA-1#146p1	unknown
CCGAAGCCAGGACCTC-1#146p1	erythrocyte
GCCTACTTCTTGGCCT-1#146p1	erythrocyte
TATCGAGAGGTGATGC-1#146p1	T
GAAGAGCTCAGTGTGT-1#146p1	monocyte
AATGGCTGTAGCTGTT-1#146p1	erythrocyte
TACAGCACAACTTGGT-1#146p1	monocyte
CTTGTCGGTTTGACCA-1#146p1	T
GTAATCGGTTGGCGAA-1#146p1	monocyte
TTAACGGTCGCATAAC-1#146p1	T
CCAATGAAGTTAGCGG-1#146p1	T
GTTATTCGTTCTGATG-1#146p1	T
GCCTAGGGTAAAGGCC-1#146p1	T
GCCAGACTCTCTGCAC-1#146p1	erythrocyte
CGCGCAAGTTAAGGGC-1#146p1	erythrocyte
CCCGTTATCCTTTGCG-1#146p1	erythrocyte
ACTGCGGGTTCAGTAC-1#146p1	erythrocyte
AGTTTGGGTCGTAGTT-1#146p1	erythrocyte
GAACTTGGTAACATAG-1#146p1	erythrocyte
GCGCCAACAGTAACGG-1#146p1	B
AATGGAATCGTTGTAG-1#146p1	T
CCGAAGCCATGTGGGA-1#146p1	unknown
GCACCTTGTTCTTTGT-1#146p1	T
ACTACGAGTCAAGACG-1#146p1	B
ACCGGGTAGATGTTGA-1#146p1	erythrocyte
CTACTTAGTACCGGCT-1#146p1	T
CCATACCTCGAGTTAC-1#146p1	monocyte
TTTGAGGTCGCTTACC-1#146p1	monocyte
ATGTACGGTGGATTTC-1#146p1	unknown
ACTTCCGAGGGTAATT-1#146p1	monocyte
GAACCGCGTCTGTGTA-1#146p1	erythrocyte
TTTGGTTCAGGAGCAT-1#146p1	monocyte
AGCCTCTAGTCGTACT-1#146p1	monocyte
CGCAATATCATTCGGA-1#146p1	erythrocyte
GCCAGACCAAGGACCA-1#146p1	monocyte
TGCCTCAAGTACCTCA-1#146p1	monocyte
TACAGCATCTGGCCAG-1#146p1	erythrocyte
GGGTGTCCAGGCACAA-1#146p1	unknown
TACATTCGTTACCACA-1#146p1	monocyte
AATGGCTTCGAGTTAC-1#146p1	monocyte
TACTAGGTCGCCTTAC-1#146p1	monocyte
CCGAAGCCAGGGTAAC-1#146p1	monocyte
TGCGTAATCCTCCAGT-1#146p1	monocyte
TTGAGCATCGTTACAG-1#146p1	monocyte
AAATGCCCAGTATACC-1#146p1	monocyte
GATTGACTCGGATAAA-1#146p1	T
GGCACGTTCAAGGCCC-1#146p1	T
CCTGGGACAAATTGAG-1#146p1	T
GTTATGGCACCCTTAC-1#146p1	monocyte
TATCTGTAGGTACATA-1#146p1	erythrocyte
TGAGCCGTCTCATCCG-1#146p1	monocyte
GTTGGGCTCCAGGGAA-1#146p1	T
GAGCATTCACTCAGCG-1#146p1	T
GGTAGGAGTCTAACCA-1#146p1	T
TGCTTCGTCTGTCGGG-1#146p1	T
GATTGACTCGCGCTGA-1#146p1	monocyte
CCCTAGTCACTCCACT-1#146p1	monocyte
ATATTCCTCACGTCAA-1#146p1	monocyte
TGTTAGGAGAGCACTG-1#146p1	erythrocyte
TTGCAGAAGCTGCTCG-1#146p1	erythrocyte
TGGTCCTGTAGCGTTT-1#146p1	T
AGGCGTCAGCTGGAGT-1#146p1	erythrocyte
AGCCTGGGTGAGTAAT-1#146p1	T
TTGGTCCAGTTCAAGA-1#146p1	T
GAGCGCTTCGCTACCT-1#146p1	T
GTGTGATGTCCGAGCT-1#146p1	erythrocyte
CATTGGAAGTCTCTAG-1#146p1	T
TCGATTTAGATCGCCC-1#146p1	T
GCGGGTTTCATTCATC-1#146p1	erythrocyte
GCTTAAGGTAGCAGGT-1#146p1	monocyte
GTGTGATAGTACGCGA-1#146p1	erythrocyte
CATGCCTAGAGCGGTT-1#146p1	monocyte
ACTTCCGCATCATAGC-1#146p1	monocyte
TTAGCGACAATCCATG-1#146p1	erythrocyte
ATATTCCCAGACTAAA-1#146p1	erythrocyte
TTGGTCCTCCGCGATG-1#146p1	monocyte
GATCATGTCCATATCT-1#146p1	B
CCCACATGTGAGGGTT-1#146p1	monocyte
AATGCCATCCGTCAAA-1#146p1	monocyte
ACAGGCCGTAGATGAT-1#146p1	monocyte
GCACGGTGTCAGTGCC-1#146p1	T
CATGCCTAGCTGCCAC-1#146p1	erythrocyte
ATCCCTGTCTTCGTTA-1#146p1	monocyte
TCTCTGGCACTGATAC-1#146p1	monocyte
CATTCATTCTGAAAGA-1#146p1	monocyte
GAACCTAGTTTGTAGC-1#146p1	erythrocyte
GCGAGAACAAGAGATT-1#146p1	erythrocyte
GAGACTTTCGTGGCGT-1#146p1	erythrocyte
CCATACCGTTGGCTTA-1#146p1	erythrocyte
GCCTACTGTTCTTTCA-1#146p1	erythrocyte
TACAGCAGTAATGTGA-1#146p1	monocyte
CCCAGAGAGTGAAGGA-1#146p1	erythrocyte
GCCAGCATCCACACCT-1#146p1	monocyte
GAAGTGGGTTAGGAAT-1#146p1	T
GTACTTTGTTGCAGAG-1#146p1	T
AAACTGCCACAAGTGG-1#146p1	T
GGAGGATTCCAGAGAG-1#146p1	T
CACCACTTCTTTATCG-1#146p1	unknown
TATCGAGTCATTCTCA-1#146p1	T
GGCGTTGGTGCTGAAG-1#146p1	B
AACGGGACAAATGTCC-1#146p1	erythrocyte
GCGGGTTTCTGGGCGT-1#146p1	B
TGACTCCAGGATCCTT-1#146p1	B
GCAACCGCATCGAGTT-1#146p1	B
GTCTACCAGCTAGTTC-1#146p1	B
ACGTTAGTCTGTAGAC-1#146p1	B
CAGGATTTCGTTCTAT-1#146p1	T
AGGACGACAGTAGGCA-1#146p1	monocyte
CAGCTGGGTCAACTAC-1#146p1	monocyte
TAGGTCATCAAGAGGC-1#146p1	T
TGCATTTGTTTCCACC-1#146p1	T
GAGACTTGTATCTGCA-1#146p1	T
TATCTGTCATTACACG-1#146p1	T
GTCACCTGTAAACCCT-1#146p1	T
CAACGGCGTCGATTAC-1#146p1	monocyte
CACCTTGTCCCGGGTA-1#146p1	T
TTCGATTTCTAAACGC-1#146p1	T
AACCTTTAGGCAGTGT-1#146p1	T
CTGCGTTTCCAATCCC-1#146p1	monocyte
GCATTCCTCTTCTCTC-1#146p1	monocyte
AGTCAACGTGAATACA-1#146p1	monocyte
TGATGCATCTATCTTG-1#146p1	T
GCATGATAGCGAATAT-1#146p1	monocyte
CTTGAAGGTAGACGCA-1#146p1	T
GATTAGCAGAGCTCCC-1#146p1	T
GGAGAACGTGGCATAG-1#146p1	unknown
ACAGAAAGTGAATCAA-1#146p1	erythrocyte
TAAGCCACAATGGCAG-1#146p1	T
CGCAATAGTATCTAGC-1#146p1	erythrocyte
TCCAGAAAGGTCTTGT-1#146p1	monocyte
GGTTGCGAGGGTTCTT-1#146p1	T
CTGGCAGCACCGTCTT-1#146p1	T
CTCTCGAAGGTTCTCA-1#146p1	T
TGATGCAAGTAACTCC-1#146p1	erythrocyte
ACCAAACTCCCACGGA-1#146p1	T
GCATGATGTGCTTTGA-1#146p1	T
TGCTTTAGTCAACTGT-1#146p1	T
GTGTCCTCACAATAAG-1#146p1	T
ACTGTCCTCCTCAAGA-1#146p1	T
ACTAACGAGATCGATA-1#146p1	erythrocyte
ACATGGTGTCAGGCTC-1#146p1	T
TCAGTCCAGCGTATCT-1#146p1	T
CTCGCTAAGAGGTCCA-1#146p1	monocyte
CGCTGGACAGTGGTCC-1#146p1	T
ATCCCTGAGATTGACA-1#146p1	monocyte
CGCAGGTGTCCAAGAG-1#146p1	T
TCCAGAAGTCAATACC-1#146p1	erythrocyte
GAAATGATCGCCAGAC-1#146p1	monocyte
TTCGTTAAGATGGGAA-1#146p1	erythrocyte
GAGGTCCTCTCGTGAA-1#146p1	erythrocyte
CTAGGGCGTCGAGAAC-1#146p1	erythrocyte
CTCAGCTAGATAGGTT-1#146p1	erythrocyte
TCAAGCATCTATCTCA-1#146p1	T
TTGACGACAGGCACAA-1#146p1	T
CACCTTGGTGAATGGC-1#146p1	monocyte
TGTGGCGGTACTATGC-1#146p1	monocyte
ATTGTGGTCTTCATAC-1#146p1	B
TGGGTGCGTCCTTCAC-1#146p1	T
CCTATTAGTACTAGAA-1#146p1	monocyte
TGCACCTGTGAAACAT-1#146p1	monocyte
TAACGGTCAAGCACTT-1#146p1	B
GCAGCTGTCTCTTAAC-1#146p1	monocyte
GAGCGCTGTTAGCTCA-1#146p1	monocyte
GGAACTTCAACGCACC-1#146p1	T
TTACGTTAGTTGACAA-1#146p1	erythrocyte
TTCGGTCGTCCTCAGG-1#146p1	B
CGCTGGACAGCAACGA-1#146p1	erythrocyte
GCCATAAGTTCTACCC-1#146p1	erythrocyte
TCAAGCAGTAAAGCTA-1#146p1	erythrocyte
TGACAACTCCCATAGA-1#146p1	T
GATCGTAGTGCGACCT-1#146p1	monocyte
TACCCTGCATGTAGAA-1#146p1	erythrocyte
GCGATCGGTTACGGAG-1#146p1	erythrocyte
GAAATGAAGAATCAAC-1#146p1	monocyte
GTGATCATCGTTCTAT-1#146p1	monocyte
ACAGACTCAGTAAGCG-1#146p1	monocyte
GAAATGACACGATATC-1#146p1	T
CTCTCAGCATCACAGT-1#146p1	monocyte
AACCTTTCACAAGTGG-1#146p1	T
ACATGCAGTCAGGTGA-1#146p1	monocyte
CTAGGATGTAGCCATT-1#146p1	T
GGGTTATTCACACGTA-1#146p1	erythrocyte
TCACAAGCACACACCG-1#146p1	T
CGAGTTACATGGCCTG-1#146p1	T
TAGCCGGAGAACGCCA-1#146p1	T
GACCAATTCCATATCT-1#146p1	T
TTGCAGACAAACGTTC-1#146p1	monocyte
TTGACGAAGTTCTCCC-1#146p1	T
TTCGCGTGTTAGGCTT-1#146p1	T
GTGGATTAGGATTTGA-1#146p1	T
AAACTGCAGCTATCGT-1#146p1	T
CTCCCAATCTGAACGT-1#146p1	T
TGTTAGGGTCAAGACG-1#146p1	T
AAGGAGCAGGTTGACG-1#146p1	T
TCCCACAAGCCCATGC-1#146p1	T
AACGAGGCAATGAAAC-1#146p1	monocyte
TTACCGCGTCATAGCT-1#146p1	monocyte
GTTACTTGTAGCAGCA-1#146p1	T
AGCCCGATCTTCCGTG-1#146p1	T
TCAAGGTGTGATGCGA-1#146p1	T
GCTTAAGGTTAGGAAT-1#146p1	monocyte
AGGACGAGTGCGACCT-1#146p1	monocyte
CCATACCCAAGGATGC-1#146p1	monocyte
GGAACTTGTTATGCAC-1#146p1	monocyte
TACTCGCCATTAGCCA-1#146p1	monocyte
TTGCGGGAGATATGAC-1#146p1	monocyte
TTCGCGTTCGCACCGA-1#146p1	monocyte
GTAGTACTCGAAGCCC-1#146p1	T
TATTGCTTCGCACCGA-1#146p1	monocyte
GATGATCTCGGTTAGT-1#146p1	erythrocyte
GATCGTAGTCCCGTGA-1#146p1	unknown
GTGCACGCATTCCCGT-1#146p1	B
TTAGCGAAGTCAGGAC-1#146p1	T
CCGTGAGCAGGCAAGT-1#146p1	monocyte
TCTCAGCAGAATCAGT-1#146p1	erythrocyte
GACCAATCACAAACAA-1#146p1	T
TGCATGAGTCAACTGT-1#146p1	T
GCAGCCACAGGTAACG-1#146p1	B
GCTGAGCTCATTCTCA-1#146p1	monocyte
TGCTCACGTTCCGCGA-1#146p1	monocyte
CTAGGATGTACTTCGA-1#146p1	monocyte
AATGCCATCTTACCTA-1#146p1	B
CCTAAAGGTTCAGTTG-1#146p1	erythrocyte
TCGAGCGCATAGAATG-1#146p1	T
GAGAACGGTTTCTTAC-1#146p1	T
ACTTTCAGTTAGCTCA-1#146p1	T
GCATTCCAGGTAAGTT-1#146p1	T
TCACCACGTAATGCAA-1#146p1	monocyte
GGTGAAGTCTTGCGCT-1#146p1	T
AACGAGGCAGGAGCAT-1#146p1	monocyte
TGTAGCACACAATAAG-1#146p1	T
TTAACGGTCTAGCAAC-1#146p1	monocyte
TCCGACTAGATATGTG-1#146p1	T
TCAAGCACAACGCAAG-1#146p1	T
GAGTGAGAGCTTCAAC-1#146p1	T
GGCGTTGCAACGACAG-1#146p1	T
TTCATCATCGGTTAGT-1#146p1	monocyte
AACAGTCGTCCAAGAG-1#146p1	monocyte
GCTGTTCTCACCACAA-1#146p1	monocyte
TATCTGTTCCTAGAGT-1#146p1	monocyte
TGAATCGTCGGAGTTT-1#146p1	monocyte
TTCGGTCTCATTCTTG-1#146p1	monocyte
ACAAACCCAGTCAGCC-1#146p1	monocyte
AACTTGGTCCAACAAC-1#146p1	monocyte
TTGCTATGTGCTGAAG-1#146p1	monocyte
GTCACTCCATTATGGC-1#146p1	T
TCAATTCGTATCCCTC-1#146p1	monocyte
GCCCGAACATCGGCCA-1#146p1	monocyte
TAGCGGCCACAGTAGG-1#146p1	monocyte
CAACGTAGTCATCGTA-1#146p1	T
CGCTGGAGTGCACATT-1#146p1	monocyte
GGCACGTGTTTAAGCC-1#146p1	monocyte
GCACGCAGTGAGTCGA-1#146p1	unknown
TCCCACAGTTGGTAAA-1#146p1	T
GGATGAGTCCAATAGC-1#146p1	monocyte
TGAGCCGGTTGGACGA-1#146p1	monocyte
CTTGTCGGTTAGCTCA-1#146p1	unknown
CAAAGCTTCCGGACTG-1#146p1	T
TAGTCCCCAGTGGTCC-1#146p1	T
TAACGGTAGAACTAAC-1#146p1	T
CTCAGAACACGCTGTG-1#146p1	monocyte
TTTGGCCGTAGAGAGA-1#146p1	monocyte
GCACGCACACAAACGG-1#146p1	T
CCGTAGGTCAAGTTGC-1#146p1	monocyte
AAAGGGCAGGTGATGC-1#146p1	monocyte
TAGGAGGGTTGGCGAA-1#146p1	T
GTCACCTAGCTCGGCT-1#146p1	T
TGCGTAAAGCATGTGG-1#146p1	T
GGACACCTCCATTGTT-1#146p1	monocyte
GGATGAGAGGCAATTA-1#146p1	unknown
GCTCAGGAGAGATTAC-1#146p1	B
GAGATTCTCGTCCCAT-1#146p1	B
TTGCACCGTATGCTAC-1#146p1	monocyte
ACCGGGTGTAACATAG-1#146p1	T
AGCCAGCGTCCAAGTT-1#146p1	monocyte
TGTTAGGCAGGCATTT-1#146p1	B
AACCAACTCTGACATG-1#146p1	T
ATGCATGGTCAATACC-1#146p1	T
TTACCGCTCGGATAAA-1#146p1	T
GTGTCAACACGCTCAG-1#146p1	T
CTGAATGTCGACCCGA-1#146p1	T
TCGAGCGAGCAGAATT-1#146p1	T
CTAGGGCCACTGTAAC-1#146p1	T
ACAATCGAGAAATTCG-1#146p1	unknown
GCATTGAAGGCCTCTG-1#146p1	T
AGGCGAATCGCTATAG-1#146p1	T
TTTGCGCGTAGGTAAT-1#146p1	monocyte
CAGTATGCAACGGGTA-1#146p1	monocyte
AGGACGACAAGGCGTA-1#146p1	monocyte
AACCGATTCCGATTGA-1#146p1	T
CTCAACCAGGATATCA-1#146p1	T
GCTCAGGGTCGTAATC-1#146p1	T
GTGGCGTTCGAGGTAG-1#146p1	T
TTAGCTTGTCCCTTTG-1#146p1	T
TACCCTGGTACTTCGA-1#146p1	T
CTCTCGACAAGGCTTT-1#146p1	erythrocyte
ACGGATTCATGCCTTC-1#146p1	T
ACAGCGCGTAAAGGCC-1#146p1	monocyte
GGCACGTTCCACACCT-1#146p1	T
TTTGAGGTCTGTAGAC-1#146p1	T
AGATTCGGTCATAGAA-1#146p1	T
TGACAACGTTAGGAAT-1#146p1	T
GCAAAGGCAGGTGTGA-1#146p1	T
GCACCTTAGCGTAGCA-1#146p1	erythrocyte
CACCACTCATTAGCCA-1#146p1	T
ATTGTGGAGTGCAACG-1#146p1	T
CGGTGCAAGACTCGGA-1#146p1	T
AGCCAGCTCCTTTGAT-1#146p1	T
TTCGTTACAGATACAA-1#146p1	monocyte
TACGGATCACGACGAA-1#146p1	T
GGTGTCGAGCGAATAT-1#146p1	monocyte
AACTGTGGTATTGTGC-1#146p1	monocyte
AAAGATGAGGGACGTT-1#146p1	T
GCTTGCTGTCTAAAGA-1#146p1	T
CGCTAGGAGAAGCCGT-1#146p1	T
CTTGAAGGTTCCCAAA-1#146p1	erythrocyte
TTCATCAGTTTAAGCC-1#146p1	T
AGGCGAAGTTTAAGGA-1#146p1	unknown
TGTGACATCTACATCT-1#146p1	erythrocyte
GCGGGTTGTTTAGACC-1#146p1	monocyte
CGGTGCACACTTGCGG-1#146p1	monocyte
CTCTCAGAGCGTAGCA-1#146p1	monocyte
ATCCAGAAGATAGGTT-1#146p1	monocyte
GCGCCAAAGACTTCCA-1#146p1	unknown
GAATCTGGTTACGCTA-1#146p1	T
TCAAGGTCATCCCAAA-1#146p1	T
TACAGCAAGCCCATGC-1#146p1	monocyte
CCTATTAGTGAGGGTT-1#146p1	monocyte
GTTGGTAAGTCTCCAA-1#146p1	T
TTAGGTGCACTGCTCT-1#146p1	T
GCACCTTTCGTTGTAG-1#146p1	T
CTCTACGTCCATGTTT-1#146p1	T
TAAACCGGTTAAGTCC-1#146p1	T
GATGGCCAGGGATCCA-1#146p1	unknown
TTCATTGAGCGGACTA-1#146p1	monocyte
GTCACTCAGGATTGAT-1#146p1	monocyte
GCTTAAGGTGCACTTA-1#146p1	T
CCGCATTAGGTTAACA-1#146p1	T
CTCTAGCGTGACCAGA-1#146p1	monocyte
GTACTTTTCTGGCACG-1#146p1	T
GCATTCCCAGTAACGG-1#146p1	monocyte
CTTAATCCAATGGCAG-1#146p1	T
TCGATTTAGTATACCC-1#146p1	monocyte
CCGTACTAGTCTCCAA-1#146p1	T
CAGGATTAGCGTGTTT-1#146p1	B
GTGGCGTAGTTACACC-1#146p1	T
TTGAGTGAGAACGACC-1#146p1	T
GCAGCCAGTTGTCGGC-1#146p1	monocyte
GCTTGCTCAGTAGTTC-1#146p1	T
CTCATGCTCCGGAAAG-1#146p1	monocyte
AGGCGAACATTAGCAC-1#146p1	T
CATGCCTTCGCGTGAC-1#146p1	erythrocyte
TTGCAGATCAAGGCAG-1#146p1	monocyte
CACAACAAGTGCAACG-1#146p1	unknown
ACCCAAAGTGAATGGC-1#146p1	B
TAACTTCAGGGCTTCC-1#146p1	T
TTATGTCTCGGGACAA-1#146p1	erythrocyte
ATCCTCGTCGGTGATT-1#146p1	monocyte
GGCATTATCCCGGGTA-1#146p1	monocyte
CCGAAGCCACTAGCCG-1#146p1	monocyte
GGGTTATCAAGCAGGT-1#146p1	T
TACATTCAGTCCGGAA-1#146p1	monocyte
GTGGATTGTTTGTGAC-1#146p1	monocyte
TCGGGACAGTTCCAGT-1#146p1	T
AAAGGATTCTTTCGAT-1#146p1	T
ACATGGTCAATTAGGA-1#146p1	B
CGGACTGCAAGGAGGG-1#146p1	monocyte
GACTAACAGCGTTGCC-1#146p1	monocyte
TTCGCGTGTTACCACA-1#146p1	T
TCAAGGTTCTTCATAC-1#146p1	B
TGGACATGTCACAGTT-1#146p1	T
ATCGAGTAGCTGAAAT-1#146p1	T
TACGGATTCTACATCT-1#146p1	monocyte
CGCTATCAGCGCAATG-1#146p1	T
TGGGTTAGTTCCATCC-1#146p1	T
TTATGTCGTAGCATGG-1#146p1	B
TCCGACTAGTACGCGA-1#146p1	unknown
TGTGACAGTGCACCCA-1#146p1	unknown
AGGCGTCTCAGGTCTA-1#146p1	monocyte
TGCCTGTCACATCATG-1#146p1	T
TTCTGTAGTTTGCATG-1#146p1	erythrocyte
GCGGAAACATCAACTG-1#146p1	erythrocyte
TTCGATTTCCACTAGA-1#146p1	T
TAATTCCGTACGGAGT-1#146p1	B
TGTAGCAAGTGAGCAC-1#146p1	erythrocyte
ATGTCTTTCGGGAAAC-1#146p1	T
TGGTCCTAGAATGCTA-1#146p1	T
CACCACTTCTGACATG-1#146p1	T
GGGCCATGTGTCGTGC-1#146p1	T
GGCGAAAGTGTCCTTC-1#146p1	T
ATTACTCTCTCCTTGG-1#146p1	unknown
GCGCCAACAGGCACAA-1#146p1	T
CTCTAGCAGTCTTAGC-1#146p1	unknown
AACCTGAGTCCGTCGA-1#146p1	T
TGCATGATCTTACTCA-1#146p1	T
GGTGTCGCAATGGCAG-1#146p1	T
CATTCATTCTGATCCC-1#146p1	T
TAACGGTTCCAGTACA-1#146p1	T
TGGCGCAGTTTCAGCA-1#146p1	T
CGTAAACGTGTTTCTT-1#146p1	T
CACGTTCGTTTGTGAC-1#146p1	T
GCAACCGGTAGTGATA-1#146p1	T
TGTACAGCAAGAGCGT-1#146p1	T
GCATTCCAGAGGCCTA-1#146p1	T
TTTGCGCCAAACCGAG-1#146p1	T
GTGCCAGGTTTGTAGC-1#146p1	T
ATAGTCGCATAAAGTG-1#146p1	T
GCTTAAGAGTCGACCC-1#146p1	unknown
GCATTGACATTACCTT-1#146p1	T
GGTGTCGTCACGATTG-1#146p1	monocyte
CGTGGCAAGATTGACA-1#146p1	T
GGGAACATCAGTGTAC-1#146p1	B
TTATGTCCATCACAAC-1#146p1	T
CGCTATCGTCATAAGA-1#146p1	T
GTGACATTCATCGCTC-1#146p1	monocyte
CCTCCCTTCTTAATCC-1#146p1	T
GCGGAAATCCCAATAG-1#146p1	T
CCTTGCAAGAGCTCCC-1#146p1	monocyte
GCGATCGTCATTCTTG-1#146p1	monocyte
GGTACCGAGGTTCTCA-1#146p1	monocyte
AAACGAATCAGTCTTT-1#146p1	T
AACAAAGCAATCCATG-1#146p1	erythrocyte
CCTGGGACAGGGCTTC-1#146p1	monocyte
ACAGGCCAGGAGGCGA-1#146p1	T
CAACCAAGTATGGGTG-1#146p1	T
AGATAGATCCCATAGA-1#146p1	unknown
CATTCCGGTGCACTTA-1#146p1	unknown
GAACGTTCATTGCACA-1#146p1	T
CGCGCAATCCAGGTAT-1#146p1	T
CTCAGCTTCATCGCAA-1#146p1	T
GCATTCCGTGTGACCC-1#146p1	T
GCACGGTGTCCAAGTT-1#146p1	T
ATGTCTTTCCAGGTAT-1#146p1	T
ACATGCAAGGTGAACC-1#146p1	T
ACATGCATCACATTCT-1#146p1	T
AAATGAGTCGCTTGAA-1#146p1	T
CAAAGCTCACCTGTGG-1#146p1	T
TATGTTCTCCTTTGAT-1#146p1	monocyte
TAGTCCCCAGCAAACG-1#146p1	T
TTCATCAAGCTATCCA-1#146p1	monocyte
AAAGGATAGTATGCTC-1#146p1	erythrocyte
TACATGGGTTACTTTC-1#146p1	T
TGTGACAAGACCAATA-1#146p1	erythrocyte
TACGCAACAAGCGAAC-1#146p1	B
TTGAGTGCACTTACAG-1#146p1	T
CAGCTGGAGGGATCCA-1#146p1	T
CGGACCAGTGAGTAAT-1#146p1	monocyte
CGCAATAAGGCCAATG-1#146p1	T
TACTGCCAGTCTGCTA-1#146p1	T
TCAGTTTTCCCACTTG-1#146p1	T
CGATGATGTACCTATG-1#146p1	T
GACCGACTCACAAGCT-1#146p1	T
AAGGTTCAGGCCAGTA-1#146p1	T
GAGTGAGTCAAGGCCC-1#146p1	monocyte
CAACGTATCGGTTCCT-1#146p1	T
TGATTTCAGCGAATAT-1#146p1	B
TGACAACCAAGCAATA-1#146p1	B
GTAGGAGTCCATAACG-1#146p1	T
AAACGAAAGCGTCTGC-1#146p1	T
TAATTCCTCGCGATGC-1#146p1	T
CCCAGAGAGGATGCCA-1#146p1	T
TCACCTGCAATGCACT-1#146p1	T
ACGGATTGTCCGGTAC-1#146p1	T
AAATGAGCACTGATAC-1#146p1	T
TACAGCACACACTAGT-1#146p1	T
GGTGTCGTCGGTCTAA-1#146p1	T
GTGCTGGCAACGCACC-1#146p1	monocyte
GGAGTAGCAAAGGCCA-1#146p1	T
TCGAGCGCATCACAGT-1#146p1	T
TATCTGTTCATGAACC-1#146p1	T
TAGCCCTCATCATAGC-1#146p1	T
ACTGTCCAGATGGCAC-1#146p1	T
TTTGAGGTCCGTGCAG-1#146p1	T
TTTGTGTGTACAAATG-1#146p1	T
CTTGCTGCAACTAGAA-1#146p1	T
TGGTCCTGTGAAACAT-1#146p1	T
CCTGGGAGTAAAGCTA-1#146p1	B
GTAGACTAGCTAACAA-1#146p1	T
ATTGTGGAGAGATTAC-1#146p1	T
GGGTCTGCATCGACGC-1#146p1	T
TCTAGTTCACCACCAG-1#146p1	T
GATGGCCAGATCGATA-1#146p1	T
CAATCCCTCTGAGTAC-1#146p1	T
TTGAGTGTCGCTTCAC-1#146p1	T
TTACGGATCTAGTCGA-1#146p1	T
AGATAGAGTGAGGGTT-1#146p1	T
TATGTTCTCGCGTGAC-1#146p1	T
TACATTCTCGCTATAG-1#146p1	T
GGGTGTCTCTGGGCGT-1#146p1	B
TACGCAAGTTACACTG-1#146p1	T
ACTGTCCGTTCTTTCA-1#146p1	T
CGTGGCACATGGTATC-1#146p1	T
CGCACAGTCGTAGCGC-1#146p1	T
GAACGTTTCACGATTG-1#146p1	T
GACTAACCATTAGCCA-1#146p1	T
AAGGTTCAGGCTCAGA-1#146p1	T
ACAAGCTAGACCATAA-1#146p1	T
TTACTTGTCTCGACCT-1#146p1	monocyte
GTCCATCTCCTTTGAT-1#146p1	T
GGTACCGAGCCGCTGT-1#146p1	T
ACCGCAGGTATCATGC-1#146p1	T
GTCTACCTCGGGAAAC-1#146p1	T
AGGCGTCTCTTCCAGC-1#146p1	T
TTACTCAGTCTCAAAC-1#146p1	T
AACCGATGTAGGGTCA-1#146p1	T
CAAGAAAAGCTAACAA-1#146p1	T
AGCGTGCAGATCTAAG-1#146p1	T
CTGGGACTCACATCCC-1#146p1	B
TGGCAATCAAGTTGCT-1#146p1	T
CGATGATGTGAGTTGG-1#146p1	T
TGCCTCACAGTTCGGC-1#146p1	T
CAGTGTACAATGGTAA-1#146p1	B
GTGCTGGAGTTGTCCA-1#146p1	T
CAACGGCCAGGCAAGT-1#146p1	B
GCGTAGCCACAGCTTA-1#146p1	T
GGGTCTGCAATGTGCT-1#146p1	T
GAGGATGGTCTCTGCT-1#146p1	T
GAAGTGGAGTTCCAGT-1#146p1	unknown
TTGCTATAGTCTCGAT-1#146p1	T
ATGGATCAGCTACGTT-1#146p1	T
CGCTAGGAGCATTCCA-1#146p1	T
ATTACTCGTAGTCCAT-1#146p1	T
CTCTCAGGTAGCGAGT-1#146p1	T
ACAGACTCAATCATCG-1#146p1	unknown
TCACAAGAGATGTTGA-1#146p1	T
CGTAAACCAAGGATGC-1#146p1	T
AAATGAGGTGATGCGA-1#146p1	T
GCTTGCTCATTTGGCA-1#146p1	T
AGGCCTGGTGTTAGAA-1#146p1	T
TCAGGGCAGCGTGTTT-1#146p1	T
GGCGAAATCCTCTCTT-1#146p1	T
TTACCGCAGTCTCGAT-1#146p1	T
GGTGCTGCAGGTGGTA-1#146p1	T
ACCGAATGTTACGCTA-1#146p1	T
ACCTGCTTCGTGATAC-1#146p1	unknown
AAAGGATTCTGTCGGG-1#146p1	T
AATACGCGTGATGTGG-1#146p1	T
TGGGTGCGTGGTAGAC-1#146p1	T
GCTTTCGCATCCCTCA-1#146p1	T
GCGTAGCCAATCATCG-1#146p1	T
TCAATTCAGCTGAATA-1#146p1	T
ATCCTGCTCGGAAAGC-1#146p1	T
CGCGCAAAGCTTCAAC-1#146p1	T
TTAGCGAAGTAACATG-1#146p1	T
GGCGAAAGTAGCCATT-1#146p1	monocyte
CTTGAAGGTCCCTAAA-1#146p1	T
AGCCAGCCAGCGTCGT-1#146p1	T
GCGATCGAGCGCCTAC-1#146p1	T
CTCAGCTTCTTCTTCC-1#146p1	T
AGCGATTCAAGGGTAC-1#146p1	T
TCCCACAGTAGGGTCA-1#146p1	T
TTGCTTACAGGCACAA-1#146p1	T
CGCTATCGTAGCGGTA-1#146p1	monocyte
GCATTCCCAAGGCGTA-1#146p1	T
TTCTAACAGTCTCTAG-1#146p1	T
GTCGTAATCGCAAACT-1#146p1	T
GTCACCTTCATACTTC-1#146p1	T
TTACCCGCAGTCAGCC-1#146p1	T
AGCCTCTAGGCTGGAT-1#146p1	unknown
TTAGCGACATTGTTCT-1#146p1	T
TAGCTTTGTTCTGAGT-1#146p1	T
TGATGCATCTTACGGA-1#146p1	T
CACCTTGGTGCTTCCT-1#146p1	T
CGAGTTAGTGACAAGC-1#146p1	T
ATGCATGGTTGGCTAT-1#146p1	T
GAGTGAGCATCCCTCA-1#146p1	T
TCACAAGAGTGTAATG-1#146p1	T
GATGATCTCCAATCCC-1#146p1	T
TCGATTTAGACTTGAA-1#146p1	B
GGAGGATTCTCTGCGT-1#146p1	T
TGATCAGTCTTCCGTG-1#146p1	T
CATGTTTGTAGAAAGG-1#146p1	T
GCAGATTTCATCGCTC-1#146p1	T
TTACGTTTCCAACAAC-1#146p1	T
AGCGTATGTTCCGGCA-1#146p1	T
TTACCCGTCCAACGCG-1#146p1	T
CTGCTCACACACATTG-1#146p1	T
ATCCCTGTCTGAGTAC-1#146p1	T
CTGCGTTCAGGGTAAC-1#146p1	T
CTACTTAAGCTCCATA-1#146p1	T
AGATTCGTCTGAGTCA-1#146p1	T
CCCTAGTGTAAACGTA-1#146p1	T
AAGGAGCGTCCCTAAA-1#146p1	T
GTCACCTCAGTAAGCG-1#146p1	T
AACTGTGAGGCACCTC-1#146p1	T
CTCTAGCGTGCAGACA-1#146p1	T
CTCTCAGTCGTTTGAG-1#146p1	T
TCCATCGTCAGAACGG-1#146p1	T
GAAGTGGTCGTAGCGC-1#146p1	T
AGGCGAAAGAACCCGA-1#146p1	T
TGCCTCACATCCCTTG-1#146p1	T
TGTGTCCGTCCAGACC-1#146p1	T
AACAGTCTCGCTTACC-1#146p1	B
TCACCTGAGGGCTCTC-1#146p1	T
CCCTAACGTATCCCTC-1#146p1	T
TTTGCGCCAACGTCGC-1#146p1	T
AATGCCAAGCGTGTTT-1#146p1	T
GCTTAAGGTGCTGGCT-1#146p1	T
TGAATCGGTCAGAAGC-1#146p1	T
GTGCACGTCGTGGCGT-1#146p1	T
CCTATTAAGAGGAAGT-1#146p1	T
CAGGATTAGTGCTGAG-1#146p1	T
CAACGGCAGGAGTCTG-1#146p1	T
GTAGACTGTAGGTGAC-1#146p1	T
AAGGTTCAGTGCAACG-1#146p1	T
GTGACATGTAGCAGGT-1#146p1	T
GATGATCCAGATTAAG-1#146p1	T
GCACGCACATTGCGAT-1#146p1	T
GTCACTCCAAGGACCA-1#146p1	T
GCATTCCAGACTAGCG-1#146p1	T
TTACCCGAGTTCAAGA-1#146p1	T
GAGGCTCAGGGAAATG-1#146p1	T
CAGTGCGGTGTTGTTG-1#146p1	T
TACTAGGCAACGCACC-1#146p1	T
AACGAGGAGTGAATAC-1#146p1	T
GATGATCGTCGATAGG-1#146p1	T
TGCCTCAGTAGAAGCC-1#146p1	T
TCGCAGGTCGCATACA-1#146p2	monocyte
GCTTAAGAGAACTAAC-1#146p2	T
ATGTTTCAGGTAGGCT-1#146p2	T
GGAACTTAGGCCTAAG-1#146p2	monocyte
TAGTCCCCATCACAAC-1#146p2	erythrocyte
CCCAGAGAGCTAGCAG-1#146p2	monocyte
GATCGTACAGTAAGCG-1#146p2	erythrocyte
GCAGCCAAGGAAACTT-1#146p2	T
GATCGTATCTCCAACC-1#146p2	monocyte
AACTGGTTCCTAAAGC-1#146p2	T
CTCTCGAGTAACTGAA-1#146p2	T
CCACAGGAGGGTATCG-1#146p2	T
GGAACCCCATTGCACA-1#146p2	T
CGTGGCATCCCGATTC-1#146p2	monocyte
TACTCGCCACACACAT-1#146p2	B
TCTCTGGGTCAACTAC-1#146p2	monocyte
CAGGATTAGGCTCAGA-1#146p2	monocyte
CTGTTCGCAAGCCTTA-1#146p2	T
CATTCATTCGCTGATA-1#146p2	T
GATGGCCAGTGAATAC-1#146p2	monocyte
TGACAACTCTTCAGAG-1#146p2	B
GCACCTTTCTTCATAC-1#146p2	erythrocyte
TCAAGGTCATCGCTAA-1#146p2	monocyte
TGGGTGCAGGGCATTG-1#146p2	monocyte
ATTTGTCCACTCCTCA-1#146p2	erythrocyte
GTAGACTCAATTGCCA-1#146p2	erythrocyte
TGGCAATGTTTGTACG-1#146p2	erythrocyte
TCAGGGCAGCGAATAT-1#146p2	monocyte
ACTAACGCAACGCAAG-1#146p2	monocyte
AAGGAGCCAACTACTG-1#146p2	erythrocyte
AGCTGATAGGGTATCG-1#146p2	monocyte
GTCACCTAGCTTCAAC-1#146p2	monocyte
TAGCGGCAGAGTGGAA-1#146p2	monocyte
CCTATTATCGATGTAC-1#146p2	B
CCAGATACAATGTGCT-1#146p2	monocyte
CTTCTAATCCCTATTA-1#146p2	T
TCAGTTTTCGTTCCGT-1#146p2	T
GACTAGTCATTACTTC-1#146p2	T
TTCGTTATCTTCCAGC-1#146p2	B
GAGTGAGCAGGACCTC-1#146p2	erythrocyte
AGCCTTCAGTTCGCGC-1#146p2	erythrocyte
CAGTGTATCTGGCACG-1#146p2	T
TCAGTTTGTTCTGAGT-1#146p2	erythrocyte
ACTAGGTTCAATTGGC-1#146p2	monocyte
GTTATTCGTTAGCTCA-1#146p2	T
AGATTCGGTGAGTCGA-1#146p2	erythrocyte
CATTCATGTGGTCGAA-1#146p2	T
CTTGCCAAGGATTGAT-1#146p2	T
GGACACCCATTTCACT-1#146p2	erythrocyte
CTCTAGCTCTATCTAC-1#146p2	monocyte
TGATCAGGTAGGTCTT-1#146p2	erythrocyte
TCTAGTTCAAGGGTAC-1#146p2	monocyte
GTGCACGCAGTAACCT-1#146p2	monocyte
CACAACAGTTGCTTGA-1#146p2	monocyte
GTTACTTTCGTGATAC-1#146p2	B
TTCTAACTCTTTGCAT-1#146p2	monocyte
GCCCGAACACTGTTAG-1#146p2	T
CACCACTGTATGTCCA-1#146p2	erythrocyte
GTAGGAGCAGGGTACA-1#146p2	erythrocyte
GCCCAGACATGGGAAC-1#146p2	T
AACAGTCGTAAGTCTC-1#146p2	B
CCCAGAGGTATGTCCA-1#146p2	T
TGCATTTTCAGTACAC-1#146p2	erythrocyte
ATAGTCGTCGTTCTAT-1#146p2	erythrocyte
GCATTCCAGGCAATTA-1#146p2	erythrocyte
ACAGCGCCACCGAATT-1#146p2	T
ATTTGTCAGCAATGTA-1#146p2	T
TGGCAATCAGGGTACA-1#146p2	T
GGATGAGAGCAGAAAG-1#146p2	erythrocyte
AGTGCGCAGGTTGACG-1#146p2	monocyte
CGCTGGAAGACCCTAT-1#146p2	T
CACCTGTGTGAATGTA-1#146p2	T
CCGTAGGTCTAGTCGA-1#146p2	unknown
AGCGTATAGTTGTCCA-1#146p2	T
TCAAGGTCACTTTGGA-1#146p2	monocyte
AGCGTATCACTGCTTC-1#146p2	B
AGCCTCTGTCAACTGT-1#146p2	T
TCAAGCAGTGCCCAGT-1#146p2	erythrocyte
TGCGTAAAGCCAGAAC-1#146p2	T
ACAAACCGTATGGTTC-1#146p2	T
GTCTACCGTATTCTGG-1#146p2	monocyte
GACCAATTCGTGCTTC-1#146p2	T
TGTAAGCTCGTCGCAG-1#146p2	erythrocyte
GGAGGATGTATTCTGG-1#146p2	T
GCGATCGCAAATGTCC-1#146p2	erythrocyte
AATGCCAGTCAGCAAG-1#146p2	erythrocyte
ACCGCAGTCGATCGCG-1#146p2	T
GTGATCACAATCACTG-1#146p2	T
TTGTCTAGTCTGGGCT-1#146p2	monocyte
CCGTACTTCTCTATTG-1#146p2	T
CATGTTTGTCACAGGA-1#146p2	B
GAGGCTCGTCTGGTCG-1#146p2	T
CGTGGCAAGGCCTCTG-1#146p2	T
CCTTGGTCAGGACTGA-1#146p2	T
GCGAGAATCGACTCGG-1#146p2	erythrocyte
CATGTTTAGGAGTAGA-1#146p2	T
TGCACCTCATCTGCAA-1#146p2	monocyte
CAACGTATCAGCCGGT-1#146p2	monocyte
TCGTTCGGTCCTATTT-1#146p2	erythrocyte
GCTCGAGCAGATACAA-1#146p2	monocyte
TACTGCCCAGAAAGAG-1#146p2	T
CGAGTTATCCATACGA-1#146p2	monocyte
AACTTGGCACCGATCG-1#146p2	T
TCGATTTGTTGGAGGT-1#146p2	erythrocyte
ATTACCTGTTACCACA-1#146p2	erythrocyte
CCGTGAGCAGGGTACA-1#146p2	monocyte
TATCGAGTCCTAGAGT-1#146p2	erythrocyte
GCAGATTGTGGGTAGT-1#146p2	T
CAAGAAAGTCCACCAG-1#146p2	erythrocyte
GAAACAAAGACAGCTG-1#146p2	monocyte
ACAAGCTTCCATAACG-1#146p2	T
GCGTTGGGTCGAGGTA-1#146p2	monocyte
CATTCATTCGAGCGCT-1#146p2	erythrocyte
ATTGTCTTCGGTGATT-1#146p2	T
AAAGGGCCAGGCTACC-1#146p2	T
GCATTGAAGTCTGCTA-1#146p2	T
TCAGTCCTCAGGAATA-1#146p2	B
GAGATTCTCCTTTGCG-1#146p2	B
GAGGATGGTAGTCTGT-1#146p2	monocyte
TTGCGGGGTAGACACG-1#146p2	monocyte
GTGGCGTAGAATATCG-1#146p2	monocyte
CGGTGCACATGCGTTA-1#146p2	T
CGCTGGATCGAGCGCT-1#146p2	monocyte
GAGATTCTCGTCCCTA-1#146p2	T
AACGTACTCGTTCTAT-1#146p2	erythrocyte
AACATCGAGAGGAAGT-1#146p2	T
CCAGAATGTTTCCGGG-1#146p2	erythrocyte
TGAGTCACAAGTAACA-1#146p2	T
TCTAGTTCATCAGAAA-1#146p2	erythrocyte
TAACGGTGTGCTTACA-1#146p2	T
ACCCAAACACTTATGG-1#146p2	T
AACCGATTCAGATACC-1#146p2	monocyte
CAACGGCTCGGTCCGA-1#146p2	monocyte
TGAGCCGTCAGGCGCT-1#146p2	T
AGCCGCACACTCAGCG-1#146p2	monocyte
GAATCTGCAAGACACG-1#146p2	erythrocyte
GATGGCCGTCAACTAC-1#146p2	monocyte
TTGTCTACACTACACA-1#146p2	monocyte
CCAGATACAACTGCGC-1#146p2	monocyte
CTGGGACAGGAGGCGA-1#146p2	erythrocyte
GCACGGTTCCGGCGAT-1#146p2	erythrocyte
TCGCAGGTCTTATCAC-1#146p2	T
ACTTCCGTCGCCTTAC-1#146p2	monocyte
GATGATCGTTCCCAAA-1#146p2	B
TAGCACAGTTGTGAGG-1#146p2	monocyte
ATTCGTTAGACGAAAG-1#146p2	T
TGAGTCACAAGGACCA-1#146p2	T
GGTACCGTCAGTCACA-1#146p2	erythrocyte
CCGAAGCTCGACTATG-1#146p2	T
CAGCTAAAGTGAACCG-1#146p2	T
TAGCCCTAGTCAGGAC-1#146p2	T
GTGGCGTTCGCCACTT-1#146p2	T
GTCACAAGTGGAAGCT-1#146p2	monocyte
GTGATCAAGATCGCCC-1#146p2	monocyte
TGAATCGCAACACGGA-1#146p2	unknown
TAGCGGCGTTCTTTCA-1#146p2	erythrocyte
TTCGTTAGTAGTTTGC-1#146p2	monocyte
CACTAAGTCGGTCTCT-1#146p2	T
TTACCGCTCAAGGCCC-1#146p2	T
TCAGTCCGTATTCTGG-1#146p2	B
AAAGGGCCATGGGACA-1#146p2	T
TCAAGACTCCAGGGAA-1#146p2	T
AACCAACCACCGTTGG-1#146p2	T
GAAGAGCTCAACGTGT-1#146p2	T
CGCTAGGTCACTACCC-1#146p2	T
TGACAACGTTCATTTC-1#146p2	B
AACCTTTTCTATCTCA-1#146p2	monocyte
CACCACTGTACTAGAA-1#146p2	B
GAGGTCCTCGTCAACA-1#146p2	monocyte
CGCAATACAGGATGTG-1#146p2	erythrocyte
GAGTGAGCAAATAGTG-1#146p2	erythrocyte
GTTATGGGTTACGGAG-1#146p2	erythrocyte
CTCTCAGAGACGAAAG-1#146p2	erythrocyte
AGATTCGGTTCCGCGA-1#146p2	erythrocyte
TTGCCCATCTGATCTT-1#146p2	monocyte
ACAATCGTCAGTCACA-1#146p2	monocyte
ATGTCGAAGAACCATA-1#146p2	monocyte
CGCGCAATCAATTGGC-1#146p2	monocyte
TTGCTATAGCAGAAAG-1#146p2	T
CTAACTTCATCATAGC-1#146p2	monocyte
TTGCGAAGTAATGCCT-1#146p2	T
TGTACGATCAAGTTGC-1#146p2	erythrocyte
GAGACTTTCTTAATCC-1#146p2	B
GTGTCAAAGCCGCTGT-1#146p2	monocyte
CTTGAAGTCGTATAGC-1#146p2	monocyte
GATCATGAGATTGACA-1#146p2	monocyte
AATGTCGGTACAAGCG-1#146p2	T
GAAGAGCTCCAACAAC-1#146p2	erythrocyte
TTGAGTGTCAACGTGT-1#146p2	erythrocyte
TCACAGACAGCGTGAA-1#146p2	monocyte
GCGAGAAGTCCCTAAA-1#146p2	monocyte
CAGTGTACAAAGCTGG-1#146p2	erythrocyte
GATTAGCCACAAACAA-1#146p2	T
GAAGTCTCACAGCTTA-1#146p2	unknown
CAAAGCTAGGAGTAGA-1#146p2	T
GTGCCAGTCTGACTTT-1#146p2	T
GTAGTACTCGCTGATA-1#146p2	T
GCGATTATCGTGAACT-1#146p2	T
GACCTTCTCGCGCCAA-1#146p2	T
AGGACGAAGGGAAATG-1#146p2	T
CCCACATAGTGAGCTG-1#146p2	T
CGCTATCAGGAGAACA-1#146p2	T
CAACGTAGTTGCTTGA-1#146p2	T
TACATGGCAGCAAACG-1#146p2	monocyte
GGTTGCGCACCAAGGA-1#146p2	erythrocyte
TTAGCTTGTACTTGAC-1#146p2	B
TACATTCCAACGAGGT-1#146p2	monocyte
GGCGTTGGTAGTTTGC-1#146p2	T
ATGTCGATCCTATCCG-1#146p2	T
TGCCTCATCTCATCCG-1#146p2	B
TAGCTTTAGTCGATAA-1#146p2	monocyte
GAGGTCCTCTTACCTA-1#146p2	monocyte
GAAGTGGGTCAGGCTC-1#146p2	monocyte
ATTCGTTAGTTGACAA-1#146p2	erythrocyte
TAAGTGCGTCCGCTTT-1#146p2	erythrocyte
TTGTTCAGTTCCGCGA-1#146p2	monocyte
GACCTTCTCGCTTGAA-1#146p2	monocyte
ATTACTCTCTCTGCAC-1#146p2	B
CAAGAAATCGACTTAG-1#146p2	T
GGAATCTTCCTAAGTG-1#146p2	T
AATGTCGCACCGAAAG-1#146p2	T
GTGTCAACATGCGTTA-1#146p2	monocyte
GTCCATCAGAACCCGA-1#146p2	monocyte
TCTCAGCAGTCACACT-1#146p2	monocyte
GCGCCAAGTGAATGTA-1#146p2	T
TTGAGCACAAAGGAAG-1#146p2	T
TATGTTCTCCTCCATG-1#146p2	erythrocyte
CCAGAATAGTTACACC-1#146p2	erythrocyte
ACTCGGGCAACGGACA-1#146p2	T
TTTGGTTAGTCCAGAG-1#146p2	T
AGCCTTCTCTCTGAGA-1#146p2	T
TTGCTTACACCGTCTT-1#146p2	T
GCAACCGTCACATTCT-1#146p2	T
ACTTTCAAGTGCTAGG-1#146p2	monocyte
GCAAAGGTCCAAACCA-1#146p2	T
CCCGTTACAGAGCCAA-1#146p2	erythrocyte
TCCAGAATCGATTACG-1#146p2	T
CTCTAGCCAATCCATG-1#146p2	monocyte
TGCGTAAAGCCTTTGA-1#146p2	erythrocyte
GGGAACAGTATTGTCG-1#146p2	T
AAATGAGTCGCTTCAC-1#146p2	T
GGAGAACGTGTCTACA-1#146p2	T
GCTGAGCGTTTCGATG-1#146p2	erythrocyte
TATGTGGTCGGTGATT-1#146p2	monocyte
GCGCCAACATCGAGTT-1#146p2	erythrocyte
ACAGGCCCAGTTGCAT-1#146p2	monocyte
ACGTGGCAGGATTGCG-1#146p2	monocyte
TTGAGCAGTAACCCAT-1#146p2	erythrocyte
CAGGATTAGCTGAAAT-1#146p2	erythrocyte
TAACTTCAGCGAATAT-1#146p2	T
TACGCAAGTGGACCAA-1#146p2	erythrocyte
GCTCACTAGTTACACC-1#146p2	monocyte
AACCTTTAGCCTCGCA-1#146p2	erythrocyte
TCAGTTTGTCTGGATT-1#146p2	monocyte
GAACTTGAGAGGCAGG-1#146p2	monocyte
TAGCCGGCAACAACTC-1#146p2	monocyte
TTACGGATCCGTTAGA-1#146p2	B
TGTTAGGGTTAACCGT-1#146p2	monocyte
ATTACCTAGGCTGGAT-1#146p2	monocyte
AGTCAACCAAGTCTCA-1#146p2	erythrocyte
TGACTCCGTGATGCTT-1#146p2	erythrocyte
GGTGCTGGTAACGGCA-1#146p2	erythrocyte
TACAGCAGTTTGTACG-1#146p2	erythrocyte
GGATAGGTCACTCCCA-1#146p2	erythrocyte
AGGCCCACAAGCGACA-1#146p2	erythrocyte
GCATTCCGTCTGATTG-1#146p2	erythrocyte
TCAGGTAAGAAATACC-1#146p2	T
TAGGTCACATAGAATG-1#146p2	monocyte
GGCGAAAGTGATAAGT-1#146p2	monocyte
TGGTCAAAGCTGCTCG-1#146p2	monocyte
CCCTCTCAGCATTGGG-1#146p2	T
ACTACGATCCGTGCAG-1#146p2	monocyte
GTGTGATTCTCTGCGT-1#146p2	monocyte
CCCGTTATCCATCATT-1#146p2	monocyte
CACCTGTCAAAGCTTC-1#146p2	T
ACTACGACATCCCTCA-1#146p2	T
CTGTTCGTCTGATCTT-1#146p2	monocyte
GTAATCGCACGCTGTG-1#146p2	T
GCTTGCTAGGTACACG-1#146p2	B
GAAATGAGTTTGCCAA-1#146p2	monocyte
GTCGTAACAACTCCCT-1#146p2	T
GGGACCTCACTCCTCA-1#146p2	erythrocyte
TAGTCCCTCGCATAAC-1#146p2	T
AGCCCGATCTGACTTT-1#146p2	monocyte
TAAACCGGTTTCCGGG-1#146p2	monocyte
TGGGTTAAGGAGTCTG-1#146p2	monocyte
TAACGGTCAATGGTAA-1#146p2	monocyte
CTAGCGGTCTGAGTAC-1#146p2	monocyte
AACTGTGAGAGAACCC-1#146p2	monocyte
AGGCCTGTCCAGTACA-1#146p2	monocyte
ACCGAATAGATGGCAC-1#146p2	B
GTGATCACAACATAAG-1#146p2	monocyte
CTAGCGGAGTCGATAA-1#146p2	monocyte
CTCAACCAGTGATATG-1#146p2	T
CACTGAACATGTGGGA-1#146p2	T
CACAGATCAACTACTG-1#146p2	T
CTTTGCGCACTGTAAC-1#146p2	T
GCTCCTATCGGCATAT-1#146p2	T
GGTACCGGTGTCGTGC-1#146p2	monocyte
TTAGCTTAGGGCTCTC-1#146p2	T
TGTACAGCAAATTCCG-1#146p2	monocyte
GTTACGACAAGGCGTA-1#146p2	erythrocyte
ACCGGGTCATATAGAG-1#146p2	T
TCGTTCGGTTCTCGAA-1#146p2	erythrocyte
TTAACGGTCATGAACC-1#146p2	T
TAATCGGGTCAGTGCC-1#146p2	T
ACCGGGTGTACCCATA-1#146p2	T
GGAACCCGTTAACCGT-1#146p2	monocyte
TCCAGAAAGAATACTG-1#146p2	T
AGCCTCTGTCGTCGCA-1#146p2	B
GCGGAAAAGAAATTCG-1#146p2	T
TCTCTGGTCATTCTTG-1#146p2	T
CGCACAGCATGCGTTA-1#146p2	erythrocyte
CCTCCCTAGAATGCTA-1#146p2	T
GTGCTGGGTTACGAAA-1#146p2	monocyte
ACTATTCCATCATGTG-1#146p2	erythrocyte
GCACGGTCAATTCGTG-1#146p2	T
CTCCCAAAGGGCATTG-1#146p2	erythrocyte
CATAACGTCTGTCGGG-1#146p2	erythrocyte
GCTTAAGAGGATCCTT-1#146p2	T
AACATCGCAGTGGTCC-1#146p2	T
GCTCCTAAGATCGATA-1#146p2	T
GCACCTTCAAACCCTA-1#146p2	monocyte
TGATGCATCGGGACAA-1#146p2	T
TGGCAATAGAAGGGCG-1#146p2	monocyte
AATGCCACATCCGTAA-1#146p2	monocyte
AGGACGACATAAAGTG-1#146p2	erythrocyte
GAGAACGGTAGTATCC-1#146p2	T
ACTTTCACATGGAGGT-1#146p2	T
TGGTCAATCCCAGTAA-1#146p2	erythrocyte
GTTGGTACAACCTCTC-1#146p2	T
GTGCCAGCAGGTAGCA-1#146p2	T
AGTTTGGAGTCATACC-1#146p2	erythrocyte
ACCCAAACAGGCATCC-1#146p2	monocyte
GTCACAAAGAGGAACA-1#146p2	T
TTGGTCCCATGCGCTG-1#146p2	T
GTTGGGCAGAACGACC-1#146p2	T
TAGCGGCCAAGGTTCT-1#146p2	T
CACAGATGTACCAAGG-1#146p2	erythrocyte
CGTTCCATCGCATACA-1#146p2	T
GATTAGCGTCGAGGAT-1#146p2	T
TTTGGCCGTTGGACGA-1#146p2	B
CAGCCTTTCTGCTACC-1#146p2	monocyte
ACATGGTCACGCGACT-1#146p2	erythrocyte
TTCATCACAGTCAGAG-1#146p2	T
TAAACCGTCCATAGGT-1#146p2	T
TTCAACTGTGCACATT-1#146p2	monocyte
GAGAACGCACTGTAAC-1#146p2	monocyte
CAGTGTACACTTTGGA-1#146p2	unknown
AATGCCAAGAAGCCGT-1#146p2	monocyte
AAAGGGCGTCAAACAA-1#146p2	T
CAAGCTACAACTACTG-1#146p2	monocyte
GTGCACGCATTCTTTG-1#146p2	erythrocyte
CCGAAGCTCACAAGCT-1#146p2	monocyte
TCCATCGTCTTATCAC-1#146p2	T
TTCGCGTTCTTATCAC-1#146p2	erythrocyte
TGATCAGTCCGATGCG-1#146p2	T
TAGGTCAAGTGATCTC-1#146p2	T
ACTCGGGTCGCACCGA-1#146p2	T
TTGAGTGGTCCTATTT-1#146p2	erythrocyte
CTGTTCGGTATGTCCA-1#146p2	T
TCACTCGTCTCTGAGA-1#146p2	T
GCCATAATCCTTGACC-1#146p2	erythrocyte
TGCATTTGTTCTGAGT-1#146p2	monocyte
AATACGCTCCCAGTAA-1#146p2	erythrocyte
CCCTAGTAGTGCACAG-1#146p2	T
AATACGCGTTCCCGGA-1#146p2	T
ACAGAAACATGGATGG-1#146p2	T
CGGACTGAGGTCTTTG-1#146p2	T
AACTGGTGTTTGTGAC-1#146p2	T
TCTATTGCAAGGGAGG-1#146p2	T
CCTGGGACAACGACAG-1#146p2	T
CACAGATGTCAGGTGA-1#146p2	T
AATGGAACAGAACAGC-1#146p2	B
CAAGGCCCACTTACAG-1#146p2	T
GGGTTATAGGCGTCCT-1#146p2	T
GTGTCAACAACTCAAC-1#146p2	T
GTACTTTTCTCCTTAA-1#146p2	erythrocyte
AGCCCGAAGGTTAGTA-1#146p2	monocyte
GATGATCGTCGCTACG-1#146p2	B
ACCATCCGTTACGAAA-1#146p2	T
AACTGGTTCGGATCGC-1#146p2	T
CCTTAATCAACGTAGG-1#146p2	T
GCGAGAACAGAACTTC-1#146p2	B
AAATGAGGTGTCGTCG-1#146p2	erythrocyte
GCGGTGTTCGCGGCAT-1#146p2	monocyte
AATACGCCAATGTAAG-1#146p2	T
ATGTCTTTCAGAATGA-1#146p2	erythrocyte
TATCGAGAGCAGAATT-1#146p2	T
TGAATCGCAGATGGCA-1#146p2	T
GGCGTTGAGCATACCT-1#146p2	erythrocyte
AATACGCAGGCTAAAT-1#146p2	monocyte
ACAAGCTTCCGGCTGA-1#146p2	B
CAGGATTTCTTTCGAT-1#146p2	erythrocyte
AGTCAACGTGATGCTT-1#146p2	T
GAACTTGAGGGCGAAG-1#146p2	T
TTACGTTAGTTGAATG-1#146p2	T
CTGGCAGAGATCGAGC-1#146p2	T
ATTACTCAGAGAAGCA-1#146p2	monocyte
GCGAGTCTCTTTCGAT-1#146p2	T
TTCTGTAAGTGCTGAG-1#146p2	T
CTGCTCAAGATGCGAC-1#146p2	T
AAAGGATAGTACTCTG-1#146p2	B
TGTGGCGCACTCAGCG-1#146p2	B
GCGGGTTTCTTCGTTA-1#146p2	T
CTGAATGGTCAACTAC-1#146p2	T
GCACGCATCGTTTGAG-1#146p2	T
GAGGATGGTCAGCTTA-1#146p2	T
GAATCTGAGTTCAACC-1#146p2	monocyte
CCACGTTGTGGATTCT-1#146p2	T
CTTCCAGGTGAGTTGG-1#146p2	T
TGCTCGTCAACTCCCT-1#146p2	monocyte
TACGCAACATGATTGC-1#146p2	T
ACCATCCTCGCACCGA-1#146p2	T
TTGCGAAGTACGGAGT-1#146p2	T
TTACTCAGTTCTACGA-1#146p2	T
TATGTTCTCGGGAAAC-1#146p2	erythrocyte
GTTGGGCTCGGGATCC-1#146p2	T
TCACTCGGTCCAGACC-1#146p2	T
CGGTGCAAGGTAGGAA-1#146p2	B
TTCGATTCAAAGCTGG-1#146p2	monocyte
CTCTAGCTCCCGAAGC-1#146p2	T
TTGCTTACAAGGGAGG-1#146p2	monocyte
ACATGGTTCCGGACTG-1#146p2	monocyte
AACCAACGTCCTCAGG-1#146p2	monocyte
CATTCATAGCTCCATA-1#146p2	monocyte
ATGTACGCAAGCTTTG-1#146p2	T
TTCAACTTCGGATAGG-1#146p2	monocyte
TCAGTCCCACCCTTAC-1#146p2	T
GAGCGCTTCTGTGTGA-1#146p2	T
CTCCCAATCTCTGCGT-1#146p2	monocyte
GAGATTCCAAAGAAGG-1#146p2	monocyte
AACCGATGTACCCACG-1#146p2	monocyte
CTTAATCAGTAGTCGG-1#146p2	T
GTGTGATCAAGACTAA-1#146p2	T
TTACTCACATCCGTAA-1#146p2	T
TTGAGCAGTGATAGAT-1#146p2	T
GCTCGAGCAACAACTC-1#146p2	T
GCTTAAGAGCTCCATA-1#146p2	T
GTAGTACAGTTCAAGA-1#146p2	B
GCATGATCACACATTG-1#146p2	T
ACCCAAAGTCCGTCGA-1#146p2	monocyte
GCGGTGTTCCGATTGA-1#146p2	T
CGTTCCACACTAAACC-1#146p2	T
CCAGAATCAGAAGTGC-1#146p2	erythrocyte
ACTATTCCAGATAAGT-1#146p2	unknown
GTTACGAAGTTCAACC-1#146p2	T
TTCAACTCATTCCCGT-1#146p2	erythrocyte
CCTCCCTCAAGATGCG-1#146p2	T
ACATGGTTCGCACCGA-1#146p2	T
GCTTTCGTCCTCAAGA-1#146p2	monocyte
GGTGTCGCAGTTAAAG-1#146p2	erythrocyte
GCAACCGCAATAGCGG-1#146p2	B
TGCATGATCTGTAGAC-1#146p2	unknown
TTTGGTTGTTTCGATG-1#146p2	T
AGCCTTCTCACGTGTA-1#146p2	T
CAGCTGGAGCATACCT-1#146p2	B
GACTAGTAGAAATGGG-1#146p2	erythrocyte
GCGAGAAGTAGACGCA-1#146p2	T
AACCTTTTCCATTGTT-1#146p2	T
CTGAATGTCTCCACTG-1#146p2	T
TCAGTCCCATGACTGT-1#146p2	T
GCGGAAAGTAGACACG-1#146p2	T
GATCGTAGTTGCAGCC-1#146p2	monocyte
GATTGACAGAGAACCC-1#146p2	T
TTGCCCAAGCACACCC-1#146p2	erythrocyte
AGTGCGCGTCAACAGG-1#146p2	T
TTGCTATCAGAGAGAA-1#146p2	monocyte
AGGCGAAAGAATGCTA-1#146p2	T
CACCACTCAACTAGAA-1#146p2	B
TAGGTGTGTACTAGAA-1#146p2	T
GAAATGAGTGCAAGCA-1#146p2	T
GGAGTAGTCGCCGAAC-1#146p2	T
GATCGTAGTCCACCAG-1#146p2	B
TGTACGACACACATTG-1#146p2	T
TTCATTGCATCACAGT-1#146p2	B
TCGTTCGGTACTAGAA-1#146p2	T
AAGATAGTCTCTTAAC-1#146p2	monocyte
AGCCCGAAGTGTCCCG-1#146p2	B
CTCAACCGTCGATAGG-1#146p2	T
TGCCTGTTCTATGAGC-1#146p2	B
CAGTATGTCTCTGACC-1#146p2	T
ATCCCTGCAGCGTACC-1#146p2	monocyte
GGAGAACTCTCTTAAC-1#146p2	erythrocyte
TTGAGCAGTGCTGGCT-1#146p2	T
CAACGTAAGTCCCGCA-1#146p2	T
CATGCCTGTGCGCTCA-1#146p2	monocyte
GACTAACGTATTCGCA-1#146p2	monocyte
TCCAGAACACGGTTAT-1#146p2	monocyte
CGGTGCATCGTGGAAG-1#146p2	T
ACATGGTTCAGTACAC-1#146p2	T
GATGATCCAAGGAGGG-1#146p2	monocyte
TTGCTATAGGCACCTC-1#146p2	monocyte
AGCTGTACAAGACACG-1#146p2	T
GGACACCTCATTCTTG-1#146p2	T
GATGATCTCACGTCAA-1#146p2	T
CCCACATCACTACACA-1#146p2	monocyte
ACCGCAGAGGGAAGCG-1#146p2	T
CAGTGCGGTGGATTTC-1#146p2	T
GCCAGCAAGTCTGCTA-1#146p2	monocyte
TGGCGCAGTACCTATG-1#146p2	T
TCCGACTAGTTACCAC-1#146p2	monocyte
CGCTAGGGTAGCGTTT-1#146p2	T
TGCATGATCTGGCCAG-1#146p2	T
CTGTTCGCAGAAAGAG-1#146p2	monocyte
AGTCAACTCTGAGTCA-1#146p2	T
CTTGCCATCCCAATGA-1#146p2	B
TTGGTCCAGCGCACAA-1#146p2	T
AAATGCCCAAAGGTCG-1#146p2	T
CTTTGCGCAACACGGA-1#146p2	T
ACTGCGGCATCATAGC-1#146p2	B
TCAAAGCTCGTGTGCG-1#146p2	T
GGTGTCGGTACCGGCT-1#146p2	T
TTAACGGCAGTGCTCG-1#146p2	monocyte
GCGGAAACAAATGCTC-1#146p2	monocyte
GGTGCTGAGAACTAAC-1#146p2	erythrocyte
TGACAACCAATGAAAC-1#146p2	erythrocyte
TGGTCCTGTTTCCACC-1#146p2	T
CGGTGCAAGGGAAATG-1#146p2	T
AGGACGAAGTCTCTAG-1#146p2	T
CCTTGGTGTAGATTAG-1#146p2	B
ACTGTCCGTAGTACAA-1#146p2	T
TGTGGCGGTTTGGATC-1#146p2	erythrocyte
TGGACATTCCTAGAGT-1#146p2	B
TTGTTCAAGTGAGTGC-1#146p2	monocyte
GAAGTCTAGTCAGGAC-1#146p2	B
GCTGAGCTCTATCTAC-1#146p2	T
TACGCAATCCGTACGG-1#146p2	T
ACAAAGAAGAGTTTGA-1#146p2	B
TGCTCGTTCTGAACGT-1#146p2	T
CTCATGCCAATGGCAG-1#146p2	T
TGCCTCAGTCCCTAAA-1#146p2	T
ACCTGCTTCTGTTTAC-1#146p2	T
TCAATTCGTTAGCTCA-1#146p2	T
GGGTTATCAATTGTGC-1#146p2	unknown
CTCTCGAAGGATGCCA-1#146p2	T
AACCAACAGTTGTCCA-1#146p2	T
TTGCACCAGGACTTTC-1#146p2	T
TATTGCTGTCACATTG-1#146p2	T
GTGTGATGTTACGAAA-1#146p2	T
ACAAAGAGTAACGGAC-1#146p2	T
ACTGTCCTCGCTTCAC-1#146p2	T
AGATTCGCACCTATTT-1#146p2	T
ATAGGCTAGCAGGACT-1#146p2	T
TAAGTGCTCGTGCTTC-1#146p2	B
GTTGGTATCCCAGTAA-1#146p2	monocyte
GAACTTGTCACATTCT-1#146p2	monocyte
TGACAACCACTTACAG-1#146p2	T
GACCGACAGGTACTCT-1#146p2	T
ATAGTCGCAAGAGATT-1#146p2	monocyte
CTAGGGCGTGAGTCGA-1#146p2	T
CAATCCCTCTTCCAGC-1#146p2	T
GAACTTGGTTCAGTAC-1#146p2	B
TGCTATTGTGGACAGT-1#146p2	erythrocyte
TAGCCGGGTACCAAGG-1#146p2	T
CCGCATTCAGGCTACC-1#146p2	T
GCGCATGCAAGGTTCT-1#146p2	T
TCAAGCAGTTCCCTTG-1#146p2	T
AACAGTCTCGCGATGC-1#146p2	B
CCCAGAGAGATCGATA-1#146p2	B
AGCCTGGAGAGAATTC-1#146p2	unknown
CATTCCGAGGCATGCA-1#146p2	T
CGCTGGAGTTGGACGA-1#146p2	B
GCGGTGTAGCCTGTAT-1#146p2	T
GTAGTACTCGAGGTAG-1#146p2	T
TCGGGACTCACCGCGA-1#146p2	T
CCACGTTAGCAGGAGG-1#146p2	T
GAAACAAAGCTATCCA-1#146p2	T
AGCTGGCTCTTACGGA-1#146p2	T
GCAAAGGCACTGATAC-1#146p2	T
TCAGGTATCTGAAAGA-1#146p2	T
GTTATTCTCGCTTCAC-1#146p2	erythrocyte
CACCTTGGTGGCGCTT-1#146p2	T
TTGCGGGTCGACTATG-1#146p2	T
GGTGAAGGTTCTGAGT-1#146p2	T
TAGACTGGTAGAGAGA-1#146p2	monocyte
GTTACTTGTGATGCTT-1#146p2	T
CCTTGCATCTGAACGT-1#146p2	T
AACAAAGGTCCGTAGC-1#146p2	T
TGGCAATCAATGGCTT-1#146p2	T
GTTATGGAGCAACGGT-1#146p2	T
CCCTAACCAATAGTGA-1#146p2	T
GTGCTGGTCTTTATCG-1#146p2	T
AGGACGAAGCTGCTCG-1#146p2	T
GCAGCCATCACAAGCT-1#146p2	T
TCGTTCGAGAGTGGAA-1#146p2	T
CAAGAAACACTGATTG-1#146p2	T
GTTCAAGTCTGTGTGA-1#146p2	T
GTGACATCAGACCTGC-1#146p2	T
GTTATGGAGGATGTAT-1#146p2	T
CTGGGACAGTGATAAC-1#146p2	unknown
CGATGATGTCTAAGAA-1#146p2	T
TACCTCGTCACGTCAA-1#146p2	T
TGACAACGTACTTCGA-1#146p2	T
GGAACCCTCTCTTCTC-1#146p2	T
TGTACGATCCGGAAAG-1#146p2	T
GGGCCATCAGTTAAAG-1#146p2	T
GTTGGGCAGAACGTTA-1#146p2	T
TCACAGAAGGTCGTTT-1#146p2	T
TTTGAGGCAATTGTGC-1#146p2	T
CCGTAGGTCAGGCGCT-1#146p2	erythrocyte
ACCATCCTCGGTTGTA-1#146p2	T
GCCTAGGGTGAAACAT-1#146p2	T
TCACAAGGTAGCCATT-1#146p2	T
GCTGTTCTCAATTCCT-1#146p2	T
TGCACCTAGGTGATGC-1#146p2	T
CTCAACCGTATTCTGG-1#146p2	T
GGGACCTTCCTCCTGA-1#146p2	B
CCAGAATAGTCGTACT-1#146p2	T
TGGACATAGAAGGGCG-1#146p2	T
TTCAACTAGGGTAATT-1#146p2	T
GTTGGTACACTCAAGT-1#146p2	T
GTGCTGGTCATCATGG-1#146p2	T
TATCGAGGTATTCTTC-1#146p2	T
GGAGTAGAGGTTCGTT-1#146p2	T
GGACACCGTACGCAAG-1#146p2	T
TGGGTTAGTATGGGTG-1#146p2	erythrocyte
TTACGTTCAGCAACGA-1#146p2	T
TACCCTGCAAACCCTA-1#146p2	T
ACAATCGTCTACTTTG-1#146p2	monocyte
GAGGATGCAATGTGCT-1#146p2	T
AAAGGATAGAGCCACA-1#146p2	T
AGCCGCACAGGATGTG-1#146p2	B
TAGTCCCAGCAATGTA-1#146p2	monocyte
CTACAGAAGGGACGTT-1#146p2	T
CAGGATTCAGTAGTCT-1#146p2	T
ATCCCTGGTAACAATG-1#146p2	monocyte
TGGGTGCTCTCTTAAC-1#146p2	T
GAGGCTCCACGCTGTG-1#146p2	T
ACATGCAAGGTGTCGA-1#146p2	T
GAGATTCGTAACTGAA-1#146p2	T
GCAGATTGTATTCGAC-1#146p2	T
AACCTGAGTAGTCCAT-1#146p2	T
ACCAAACGTGACGCAA-1#146p2	T
AAAGATGCAATTGCCA-1#146p2	T
ATCCCTGAGGGTCCCT-1#146p2	T
TGCTATTAGGTTAGTA-1#146p2	T
GTGACATAGTTTGGAA-1#146p2	B
GAGAACGGTGCGTAGA-1#146p2	T
GCGATCGGTTGCAGCC-1#146p2	T
ACCTGCTAGGCCAATG-1#146p2	T
TCAGGGCAGTATGGGC-1#146p2	T
ATCCTCGAGGATTGCG-1#146p2	T
AGGCGTCTCACTCCCA-1#146p2	B
CTACAGACAAGACTTC-1#146p2	T
TGCTTTATCGTTCCGT-1#146p2	T
TGCCTGTGTCCGCTTT-1#146p2	T
GAACTTGAGGCACTAG-1#146p2	unknown
GAGATTCGTGCCCGAT-1#146p2	T
AGCCCGAGTGATGCTT-1#146p2	T
TGGCCTTGTTGCAGCC-1#146p2	T
TAGGTGTGTAGGTGAC-1#146p2	T
TTCTGTAGTCTAACCA-1#146p2	T
TGAATCGAGCTGCTCG-1#146p2	T
GATGATCTCGGTACTA-1#146p2	T
AACGAGGAGGTCTTGT-1#146p2	T
TGCCTGTAGGTCGGTA-1#146p2	T
TGGCGCAGTCTGCGCA-1#146p2	T
GCGATCGCAGTCAGCC-1#146p2	T
GGTGTCGCAAGACACG-1#146p2	T
TGTAGCAGTCTGGGCT-1#146p2	T
TCACAAGAGGTTAGTA-1#146p2	T
GCGATTAAGGCCAGTA-1#146p2	T
TAGCCGGCAAGGATGC-1#146p2	T
ACCGCAGAGGGAGTTC-1#146p2	T
TGTGGCGCACCAAGGA-1#146p2	T
CAGGGCTTCAGTGTGT-1#146p2	T
AAACTCGGTTCCGGCA-1#146p2	T
GGAATCTGTGCCCAGT-1#146p2	T
ACCGCAGGTTCTACGA-1#146p2	T
GGAGGATGTGCTTCCT-1#146p2	T
GCAGCTGGTGGACTGA-1#146p2	T
GGATAGGCACCTATTT-1#146p2	T
CATGTTTAGTCCCGCA-1#146p2	T
CGCACAGTCCGCCTAT-1#146p2	T
CCCGTTAGTCTAAGAA-1#146p2	T
TTTGCGCAGCTCGGCT-1#146p2	T
TTCTGTAAGAAGAGTG-1#146p2	B
TCGATTTTCACCCTTG-1#146p2	T
CACTGAATCGCGGCAT-1#146p2	T
TAGGTCAAGCGTGTTT-1#146p2	T
TCGCAGGAGACACGGT-1#146p3	T
GTTGGTAAGACGCCAA-1#146p3	T
TATTGCTGTCCCGTGA-1#146p3	monocyte
CATTCCGCAGCAACCC-1#146p3	T
CTTTGCGCAAGCGGTA-1#146p3	T
CTAGGGCGTTTGTACG-1#146p3	monocyte
TGCCTGTAGAAATACC-1#146p3	B
TGATCAGCATCATCGA-1#146p3	monocyte
TAGCACATCCTAGAGT-1#146p3	T
TTTGCGCGTCAAGACG-1#146p3	monocyte
TTAACGGGTGGTACTT-1#146p3	T
CTTGAAGTCGTGCTGG-1#146p3	monocyte
CTGTATTCAGTTACAC-1#146p3	monocyte
GCTCACTTCCTAAAGC-1#146p3	monocyte
GCAGATTTCACGTCAA-1#146p3	monocyte
GGGTCTGGTCATTGGT-1#146p3	B
CCTATTAGTCTGTGTA-1#146p3	T
AGGCCCACACTCCCAT-1#146p3	monocyte
ACTAACGGTAACACTC-1#146p3	monocyte
AGGACGAGTTTCTCTA-1#146p3	monocyte
TTAGCTTAGGTGTTGG-1#146p3	monocyte
CAACCAAAGAGTTCGG-1#146p3	monocyte
TGTACAGGTGATAGAT-1#146p3	T
ATAGGCTAGACCAATA-1#146p3	T
AAGATAGAGGATGTAT-1#146p3	unknown
TTCAACTAGGTTTCTG-1#146p3	monocyte
AGGCCTGCATCGTACA-1#146p3	monocyte
TAATCGGAGGCAAGGG-1#146p3	monocyte
ACTGCAATCGAAGCCC-1#146p3	monocyte
GGACACCTCGAGAACG-1#146p3	monocyte
ACATGCATCACAGGGA-1#146p3	monocyte
AAATGCCTCAGTGGTT-1#146p3	monocyte
TGCTATTGTGATCAGG-1#146p3	T
CACAACATCGGTCGAC-1#146p3	T
GAGTGAGTCAGAACGG-1#146p3	T
GCTCAGGGTTCTGAAC-1#146p3	T
GACCCAGAGTGAGTTA-1#146p3	B
AATGCCAAGTTGCTTG-1#146p3	monocyte
CCTTGCAGTTAGCTCA-1#146p3	monocyte
CAACGGCCACTCGCAG-1#146p3	B
GTTGGTAGTATCCCTC-1#146p3	T
CTGGGACGTACCCACG-1#146p3	monocyte
CATTCCGAGGGTTCCC-1#146p3	T
ACTTTCAGTCTGCGCA-1#146p3	T
GCACGCATCCCTACGT-1#146p3	monocyte
TACGCCTCAATTCTCT-1#146p3	T
AATGCCATCGCACCGA-1#146p3	T
GGTAGGACAGCGTAGA-1#146p3	monocyte
GTTGGGCCACATTCTT-1#146p3	T
TGCTTTATCGACCCGA-1#146p3	monocyte
TGGGTGCGTAGGTAAT-1#146p3	monocyte
TGCGTAAGTCAGGTGA-1#146p3	monocyte
GGAATCTGTACGGTTT-1#146p3	B
AGGCCTGGTTCTTTGT-1#146p3	B
ACCGGGTTCAGAATGA-1#146p3	monocyte
GGTTGCGGTTCCCTTG-1#146p3	B
ACTGTCCGTCTGATTG-1#146p3	monocyte
ACCTGCTCAGTCCTGG-1#146p3	T
CCGAAGCAGAGATTAC-1#146p3	unknown
TAGCATGCAAGCTTTG-1#146p3	monocyte
GAGCATTGTCATTGCA-1#146p3	T
GACCGACCACGGTTAT-1#146p3	monocyte
AACAGTCCAATGTGCT-1#146p3	T
TGCATTTTCTCCTTAA-1#146p3	T
CACCTTGAGAGCCTGA-1#146p3	monocyte
CCGAAGCGTCATCAAC-1#146p3	monocyte
TGGCAATTCAGTTGAC-1#146p3	T
CTCGCTAGTCAGCTTA-1#146p3	T
CAACGGCGTCTGGGCT-1#146p3	T
TGCTATTAGGCTTAAA-1#146p3	T
TGATTTCAGAATCAGT-1#146p3	T
CCCTCTCCAGGTCCTG-1#146p3	T
ATGTTTCTCCCGATTC-1#146p3	T
TACTAGGGTTACGAAA-1#146p3	B
GACCAATAGATCTAAG-1#146p3	T
CAGTATGTCGATGTGT-1#146p3	T
GTTACGAGTTCCCAAA-1#146p3	T
GAGATTCCAGCGTAGA-1#146p3	T
GTGTCAAAGATATGAC-1#146p3	T
GAATCTGGTCAATACC-1#146p3	T
TACCTATCACGAACGA-1#146p3	monocyte
GGTAGGAAGATTACGA-1#146p3	unknown
AACTTGGGTGCTGTGC-1#146p3	monocyte
TAGCGGCCACTCAGCG-1#146p3	monocyte
GCGTTGGCACGCGTTG-1#146p3	T
TCAAGACTCAACTTGG-1#146p3	monocyte
TATGTGGTCATTCATC-1#146p3	monocyte
CGTTCCATCAGTCACA-1#146p3	monocyte
CTTAATCGTCTGGTTA-1#146p3	T
CGATGATGTACAAATG-1#146p3	monocyte
GGAGAACTCTCCCTTT-1#146p3	B
TGAATCGTCAGTGTGT-1#146p3	unknown
TGAGCCGCAAAGAGAG-1#146p3	T
AGATAGAGTCGCGCTA-1#146p3	T
GTTACGATCCCAATAG-1#146p3	B
TGCATGAGTTGAAGCG-1#146p3	T
ACATGCAGTTACTACG-1#146p3	T
CGCTATCCACACACAT-1#146p3	T
TATGTGGTCTACTTTG-1#146p3	monocyte
CCCTGATAGTCCTTCC-1#146p3	T
TCTAGTTAGGAAGAAC-1#146p3	monocyte
TTGAGTGAGAGCGGTT-1#146p3	monocyte
GTGTCCTAGCGTTAGG-1#146p3	monocyte
TGCCTGTCAATAGCGG-1#146p3	monocyte
ATTCGTTGTAACGGTG-1#146p3	unknown
GTAGGAGGTCCGCTTT-1#146p3	erythrocyte
ACAGCGCGTATGAAGT-1#146p3	monocyte
TAGCACAGTTAGAGAT-1#146p3	T
TGATGCACATGCCCTT-1#146p3	monocyte
TTCTGTATCCTAAGTG-1#146p3	monocyte
GCGAGTCTCCATAACG-1#146p3	monocyte
ACGTGGCCACAGGTAG-1#146p3	monocyte
TGAGCCGCATAGCAGG-1#146p3	T
GAGTGAGCAACCTCTC-1#146p3	T
TTCTAACGTATCTAGC-1#146p3	T
TGGCAATCACGTTACA-1#146p3	monocyte
AGTTACGTCAGGTCTA-1#146p3	T
GCAACCGGTCATCAAC-1#146p3	monocyte
TCAGTCCAGGCTCAGA-1#146p3	monocyte
TTACCGCCAGAGCCAA-1#146p3	monocyte
TTCAACTAGGGCGAAG-1#146p3	B
TGCATTTGTGCAAGAC-1#146p3	T
CAGTATGAGCTTTCCC-1#146p3	T
TCCCACAAGTGCCCTG-1#146p3	T
TTGCTTACACACATTG-1#146p3	T
GGAACCCGTCAATCCA-1#146p3	monocyte
CACAACAGTTTGCGAT-1#146p3	T
AGCCTTCTCGACTATG-1#146p3	T
GTCACAATCATCATGG-1#146p3	T
TAGCATGGTGATAACA-1#146p3	T
TGTTAGGCACTCCCAT-1#146p3	B
GCCCGAACAAAGCATA-1#146p3	T
ATGGATCAGTTACCAC-1#146p3	monocyte
ACCCAAAGTGGAAAGA-1#146p3	monocyte
CGCTATCTCGTGGTAT-1#146p3	T
CAACCAAGTGACCAGA-1#146p3	monocyte
AACGTACCATCCATAG-1#146p3	monocyte
ACAAGCTGTTTCACCC-1#146p3	T
TCCGACTCAATGGCAG-1#146p3	T
TATCGAGGTTTCTTAC-1#146p3	unknown
TCACAAGGTAAACCCT-1#146p3	T
TACCTATCACTAAACC-1#146p3	unknown
AAATGCCAGAGAACCC-1#146p3	T
GACCGACCAAGCAACG-1#146p3	T
ACTGTCCGTAATGTAG-1#146p3	T
TAAGTGCCATCCTGGG-1#146p3	unknown
AACGAGGCATCGTACA-1#146p3	B
CCACGTTCAACCTCTC-1#146p3	monocyte
CTCTCGACATGTATCG-1#146p3	B
TGCTCGTCATCGACCG-1#146p3	T
GCGTAGCTCGAACACT-1#146p3	T
GACTAACTCTGATCCC-1#146p3	monocyte
GCGGGTTTCTCCTTAA-1#146p3	T
TTGTTGTGTGATGTGG-1#146p3	T
ACCGCAGTCGATATGC-1#146p3	unknown
ACAATCGTCGAGTGTT-1#146p3	monocyte
AGATTCGGTTAGCTCA-1#146p3	T
AGCCTCTCACTAAACC-1#146p3	T
AGGCGAACAGGTTATC-1#146p3	monocyte
AAAGATGGTACTTCGA-1#146p3	monocyte
AATACGCGTATTCTCT-1#146p3	monocyte
GTTGGGCTCGAGGTCC-1#146p3	monocyte
ACCGGGTAGGCTCCTG-1#146p3	monocyte
CGATGATGTAGGTGAC-1#146p3	monocyte
TAGCATGAGGGAGTTC-1#146p3	monocyte
GTCCATCGTGAGTCGA-1#146p3	monocyte
TCAGGTAGTTACGCTA-1#146p3	B
CCGTGAGTCCAGGTAT-1#146p3	monocyte
TGGTCCTGTACGGAGT-1#146p3	monocyte
ACCTGCTAGATGAGGA-1#146p3	monocyte
GATGGCCAGAGCCTGA-1#146p3	monocyte
ACTATTCGTCAGTGCC-1#146p3	monocyte
TAAACCGAGGCTGGAT-1#146p3	erythrocyte
TCAGGGCGTGCTAGTT-1#146p3	erythrocyte
TTCATTGTCCGTTTCG-1#146p3	monocyte
CGCTGGAGTACCTATG-1#146p3	monocyte
CACGTTCCAACACGGA-1#146p3	T
TTGCTTATCCAGAGAG-1#146p3	monocyte
TCACCACTCAGGCGCT-1#146p3	T
GCTCACTTCGAGGTCC-1#146p3	monocyte
GCGCATGTCTGTCGGG-1#146p3	monocyte
GGTAGGACAATCACTG-1#146p3	T
AACGTACAGTATACGA-1#146p3	T
TCTCTGGAGCTCCGGT-1#146p3	T
ATGTCTTTCTGTGTGA-1#146p3	monocyte
TGTGACATCTATACCT-1#146p3	monocyte
GCACCTTCATCATAGC-1#146p3	T
TAGGTCAAGCTGAAAT-1#146p3	T
CCCTAACGTACGAGAC-1#146p3	T
TACCTCGGTCCCGAGT-1#146p3	monocyte
ACTATTCCATAGCCAT-1#146p3	T
CCACAGGGTAAGTGCG-1#146p3	B
GCGTTGGAGTATGGGC-1#146p3	monocyte
CAAGCTAGTTTAAGGA-1#146p3	T
TGTACAGCATACAACC-1#146p3	monocyte
AACGAGGTCGGTAGGA-1#146p3	T
GCATGATGTAAGTGCG-1#146p3	T
TCAAGCATCGGTCGAC-1#146p3	monocyte
AAAGGATGTACGTATC-1#146p3	B
CCCTAACGTTTCGATG-1#146p3	T
GCGCCAAAGTAATCAG-1#146p3	B
CTCAACCCAAACTACC-1#146p3	B
CTTGAAGTCCAACGCG-1#146p3	B
AGCCCGAGTTACTTTC-1#146p3	monocyte
CGCTAGGCAACGGACA-1#146p3	monocyte
AGTCAACAGAGAGTTT-1#146p3	monocyte
GATGATCAGCAACTGG-1#146p3	T
TTAGCTTCACTCCACT-1#146p3	T
CTGCGTTGTGGTAAGC-1#146p3	T
AAGGTTCTCTCTTAAC-1#146p3	monocyte
GAAGTGGCATGTCCCT-1#146p3	T
CGCTGGAAGAGTGGAA-1#146p3	B
TATGTTCCAATGGCTT-1#146p3	B
TGCTTTACAGCACATT-1#146p3	B
TGATGCACAACGACAG-1#146p3	monocyte
TACATGGCATGGGTGA-1#146p3	monocyte
GAACCGCTCGCCTTAC-1#146p3	T
TAACGGTTCTTAATCC-1#146p3	T
AACGTACGTAATGCCT-1#146p3	T
CAGTATGAGCGAATAT-1#146p3	T
TACTCGCTCGATAGTC-1#146p3	monocyte
TAAACCGTCGCGCCAA-1#146p3	T
CTCTACGTCCTCCATG-1#146p3	T
GGAACTTAGAGTTCGG-1#146p3	T
ATATTCCAGGCTGGAT-1#146p3	T
CAGCTGGCATGGCCGT-1#146p3	monocyte
GAGGATGTCGCACCTT-1#146p3	monocyte
CGCAATACAGCACATT-1#146p3	T
GAAATGAGTCATCAAC-1#146p3	unknown
TCACTCGAGCTTACCA-1#146p3	monocyte
AGCTGATTCAGGATCT-1#146p3	T
TTAGCGACAAGGAGGG-1#146p3	T
TCTATTGAGTGTCGGA-1#146p3	T
TGGGTGCAGTGGACGT-1#146p3	T
GCGAGAAAGGTAGGAA-1#146p3	T
TGGGTTACAGGTAGGT-1#146p3	T
TCACAAGTCACGTGTA-1#146p3	T
AATACGCAGTTCAAGA-1#146p3	T
TTCGATTAGTCCGATT-1#146p3	T
GAGGATGTCATTCGGA-1#146p3	T
GCTTGCTCAGGCATCC-1#146p3	T
TTGCGGGTCCAGGTAT-1#146p3	monocyte
AAACTGCGTAATGCAA-1#146p3	monocyte
AACGTACTCTATATCC-1#146p3	monocyte
AACGGGACACTGTTAG-1#146p3	monocyte
TAGCCGGAGATCACCT-1#146p3	T
CAGTATGAGAATATCG-1#146p3	T
TGGCAATTCTCTGAGA-1#146p3	monocyte
GGATAGGTCGGTCGAC-1#146p3	monocyte
TGACTCCGTGTTAGAA-1#146p3	monocyte
TTCTAACTCCTAGAGT-1#146p3	monocyte
GCAAAGGGTGCACTTA-1#146p3	monocyte
TTTGAGGGTGCCAAGA-1#146p3	monocyte
GCCTACTTCCGCTCTA-1#146p3	T
GACTAACGTGTCCCAG-1#146p3	monocyte
ATTCGTTGTCGCTAGC-1#146p3	T
GGGAACAAGGCTAAAT-1#146p3	monocyte
GCGCCAAGTCATAGAA-1#146p3	monocyte
GAAGTCTAGATGCGAC-1#146p3	T
CAACGGCTCTTGTACT-1#146p3	T
GCACCTTGTGCTTGAT-1#146p3	B
CCAGAATCATGCCTTC-1#146p3	T
ATCGAGTAGTTTACGC-1#146p3	T
CCCTAGTAGATGCGCA-1#146p3	T
TTGTCTAAGCTAGCAG-1#146p3	T
TAAACCGGTTCCGGCA-1#146p3	T
TCGTTCGTCCAGAATC-1#146p3	T
TTGCAGATCTGGCACG-1#146p3	B
AGGCGAAAGTTAGAGT-1#146p3	T
CGCTATCAGCAGAAAG-1#146p3	B
TAGGTGTTCGCTCTAC-1#146p3	T
GAAATGATCCAATCCC-1#146p3	T
GCTTAAGAGGGACGTT-1#146p3	T
GGGTGTCGTATGAAGT-1#146p3	monocyte
AGGCGAACAATGCCAT-1#146p3	monocyte
AACCGATCACGCGTTG-1#146p3	monocyte
TTTACGTCAACATAAG-1#146p3	T
TAAACCGTCAGTCAAC-1#146p3	monocyte
GCAAAGGCAAGAAACT-1#146p3	T
GATGATCTCGGCATAT-1#146p3	monocyte
TTTGGTTCACTGATAC-1#146p3	monocyte
CCTATTAGTAGGTGAC-1#146p3	monocyte
GCCATAATCTGAAAGA-1#146p3	monocyte
GAAGTCTTCGCATAAC-1#146p3	monocyte
TGATCAGCAGGCACAA-1#146p3	monocyte
ACGTTAGTCGTGGCGT-1#146p3	monocyte
GAGCGCTTCTCGCGTT-1#146p3	monocyte
GCCCAGATCGCGTGAC-1#146p3	monocyte
CGGTGCACATTTAGGC-1#146p3	T
ACAGACTAGGCTCAGA-1#146p3	monocyte
ATAGTCGAGTAGTTCC-1#146p3	monocyte
TTGCTATCAAACAGTA-1#146p3	T
TCTAGTTTCCGTGCAG-1#146p3	monocyte
TGTTAGGTCGCCACTT-1#146p3	monocyte
TTGCGGGGTAAGGTCG-1#146p3	T
CGTAAACGTTTGTACG-1#146p3	T
GGTCATACAACTACTG-1#146p3	T
CTCATGCGTTACCCAA-1#146p3	T
ACTATTCGTCCATTGA-1#146p3	monocyte
TGGACATCAAATTCCG-1#146p3	T
TTTGGTTTCCTCCATG-1#146p3	B
TACTGCCAGCTATCCA-1#146p3	T
TGGAAGGAGTTGAATG-1#146p3	monocyte
GCGGTGTTCCAATAGC-1#146p3	T
TGAGCCGCATGCACTA-1#146p3	T
TCGTTCGCATACCCGG-1#146p3	B
GTAGACTGTCATTGCA-1#146p3	monocyte
CTGGCAGCAGAACTTC-1#146p3	T
CGCTAGGTCCCATAGA-1#146p3	monocyte
TGTGTCCAGAACGTTA-1#146p3	monocyte
TCACAGAGTTAGAGAT-1#146p3	monocyte
GGGAACATCTTACGGA-1#146p3	T
GATTAGCAGAAGACTT-1#146p3	T
CGCGCAACATCCCTCA-1#146p3	monocyte
GGCGTTGTCGGGCTCA-1#146p3	T
TTAGCTTAGTCTAGAA-1#146p3	unknown
TGCTTCGGTATCAGCT-1#146p3	T
ATCCCTGAGTGATTAG-1#146p3	T
CCGTGAGAGTGAAGGA-1#146p3	T
TTGTCTAGTCAGAGTG-1#146p3	T
CACAGATCAAGGCGTA-1#146p3	monocyte
GCCTACTCAGGTAGGT-1#146p3	monocyte
CACAACATCAAACCAC-1#146p3	monocyte
AGTTTGGGTCTGGTTA-1#146p3	T
ACTCGGGGTGCCAAGA-1#146p3	monocyte
GTGACATCAGAAAGAG-1#146p3	monocyte
GAGGATGTCGTTTGAG-1#146p3	monocyte
GCTCACTAGTTCCAGT-1#146p3	T
GTCCATCGTAGTCTGT-1#146p3	unknown
CACAACAGTAAACGAT-1#146p3	T
TAACTTCCATCCCGGA-1#146p3	monocyte
ACGTGGCAGGCCTCGT-1#146p3	monocyte
CAACGTAGTACGGTTT-1#146p3	monocyte
ATTGTGGTCGAGCGCT-1#146p3	T
GTGTGATGTTGGGAAC-1#146p3	T
CTTGCCAGTAGAAGCC-1#146p3	T
TATGTTCTCGCAACTA-1#146p3	T
TAACGGTCAATTCTCT-1#146p3	T
ACCGCAGAGTCGCCTG-1#146p3	T
CCATACCAGTCTGCTA-1#146p3	T
GCTGAGCCATCACAGT-1#146p3	T
GATGGCCTCCGTTTCG-1#146p3	unknown
TAGCCCTTCGGATAGG-1#146p3	T
TTGCGGGCAAGCAATA-1#146p3	B
AACAAAGGTCTAAGAA-1#146p3	T
AAAGGATTCAGTTGAC-1#146p3	B
ACGTTAGTCTATCTCA-1#146p3	unknown
CTGAATGCATGGATGG-1#146p3	unknown
TGCTCGTGTATCTGCA-1#146p3	T
AGCGATTGTGCGCTCA-1#146p3	monocyte
GCGTTGGCACAGGAAC-1#146p3	T
TACCTCGCACATTGCA-1#146p3	T
CCGTGAGCATCTCACC-1#146p3	monocyte
TGCTCGTCAGAAGTGC-1#146p3	monocyte
TAGCCGGAGAGCAGCT-1#146p3	T
AAAGGGCGTTCATTTC-1#146p3	T
ATGGATCTCTGGCCAG-1#146p3	monocyte
TTGTTGTGTCTGATTG-1#146p3	monocyte
TATCTGTTCTTGCGCT-1#146p3	T
CCAGAATAGGAGGCGA-1#146p3	T
GTTGGTAAGGCTAAAT-1#146p3	T
CCTATTAAGTATGCTC-1#146p3	T
TTGTTCAGTCTCTGCT-1#146p3	T
TTTGCGCGTTCTGATG-1#146p3	T
TAGGTCAGTGCGACCT-1#146p3	T
TAGCCGGCAGGCAAGT-1#146p3	T
TAGGTGTAGGCAGTGT-1#146p3	T
AGCGATTAGCACCATT-1#146p3	T
TAGCCGGTCCACTAGA-1#146p3	T
ATTCGTTTCGCCCTTA-1#146p3	T
TTGTTGTCATCTCTCG-1#146p3	T
GTCACAACAGTGCTCG-1#146p3	T
CCCTCTCAGCTGGAGT-1#146p3	monocyte
AGGCGTCGTTTCGATG-1#146p3	B
GTAATCGCATCTGCAA-1#146p3	T
CGTTCCAAGGGCTTCC-1#146p3	T
AGGCCCACACCTGTGG-1#146p3	T
GGGTCTGCAAGTTCGT-1#146p3	T
AACAGTCAGACACAAT-1#146p3	T
GGAACTTAGGCTTCGC-1#146p3	T
AACCGATCATCCCAAA-1#146p3	T
ATTACTCGTACGCAAG-1#146p3	T
TTGCGAAAGGTTAGTA-1#146p3	T
ACAAACCGTGCGCATC-1#146p3	T
GCGCCAAGTGCCCAGT-1#146p3	T
CTCGCTAAGAGGAATG-1#146p3	monocyte
TGGCCTTAGAAATACC-1#146p3	monocyte
AAACTCGGTTACTTTC-1#146p3	monocyte
CACCTGTCACAGATGG-1#146p3	B
GCTGAGCGTTGAATAG-1#146p3	monocyte
TTTGTGTCATCGTGAT-1#146p3	monocyte
ATTGTCTTCTACCCGT-1#146p3	monocyte
AAACTGCTCGAGTGTT-1#146p3	T
TGCTCACGTGCTTTGA-1#146p3	T
CCTTGCAAGTCTAGAA-1#146p3	T
CAACGGCAGGAGAACA-1#146p3	T
CTAACTTCACGCGTTG-1#146p3	T
GTTGGTATCTACTTTG-1#146p3	unknown
CAAGCTATCTGGCGCA-1#146p3	monocyte
GGCACGTCATCCCAAA-1#146p3	monocyte
TCTCAGCAGGGTCTGA-1#146p3	monocyte
GTGATCAAGAGGAAGT-1#146p3	T
CTCTACGAGCGTTGCC-1#146p3	T
TACTAGGGTGGCATAG-1#146p3	T
TGTTAGGTCTATACCT-1#146p3	T
GGTGTCGAGCGCCTAC-1#146p3	T
TCGTTCGCAAATTGAG-1#146p3	monocyte
GGAACTTCAGGAGCAT-1#146p3	monocyte
GAAAGTAAGTGGGACT-1#146p3	T
TACCCTGCAGTAACTC-1#146p3	monocyte
GTGACATTCCTCCCAA-1#146p3	T
ACTTCCGGTTCTCGAA-1#146p3	T
GTACTTTCAAAGCTTC-1#146p3	monocyte
CAACGTAGTGACAAGC-1#146p3	monocyte
GCTGTTCGTTGGCTAT-1#146p3	T
CAGTATGGTACCCATA-1#146p3	monocyte
GTTACGACAGCAACGA-1#146p3	erythrocyte
TATCGAGGTTTCTACT-1#146p3	T
TTTACGTTCCGTCAAA-1#146p3	T
TAATCGGGTAGGTAAT-1#146p3	T
GTTACGACAACGGACA-1#146p3	B
GTGGCGTCATATTGGC-1#146p3	monocyte
TTGTTCAGTCGAGAAC-1#146p3	monocyte
TGTGACAGTTGTGAGG-1#146p3	monocyte
GGGACCTAGTCCGTGC-1#146p3	monocyte
GGAGTAGTCCCGGGTA-1#146p3	unknown
TTCGATTGTCAATACC-1#146p3	T
ATCCTGCCAAGTAACA-1#146p3	monocyte
GCTTGCTAGGTAAGCC-1#146p3	monocyte
GGCACGTTCGGTCAGC-1#146p3	monocyte
AACCTGACATCCCAAA-1#146p3	T
CTTGCTGCATTACTTC-1#146p3	T
ACCGCAGTCTGTGTCC-1#146p3	T
GAAACAAGTTTAGGAA-1#146p3	monocyte
TTTGTGTTCCGTCAAA-1#146p3	erythrocyte
TGTTAGGTCCATGTTT-1#146p3	T
CGCGCAAGTTTCCACC-1#146p3	monocyte
GAACTTGTCCGGCGAT-1#146p3	monocyte
AGGCGTCAGCTATCGT-1#146p3	monocyte
TAGGTGTCATGGCCCA-1#146p3	T
GAAATGATCACTACCC-1#146p3	unknown
TGTTAGGCATGTATCG-1#146p3	B
CCCAGAGTCCATAACG-1#146p3	T
GTGCCAGGTTTGCCCT-1#146p3	T
AAAGATGCAGAAAGAG-1#146p3	T
AGCTGTAAGGGTTCTT-1#146p3	T
GGGAACACAATCCATG-1#146p3	T
AACTTGGGTGGTGGTA-1#146p3	T
TACCTCGGTATCGCGC-1#146p3	T
CTAACTTGTGCGCATC-1#146p3	monocyte
ACAATCGGTATCTAGC-1#146p3	T
AACCTTTAGGATTAAC-1#146p3	unknown
TTTACGTCATGTCCCT-1#146p3	T
AAACTGCAGTAACATG-1#146p3	T
GGATGAGGTGGACGAT-1#146p3	T
CCAATGACACAGATGG-1#146p3	unknown
TCCATCGTCTACTGCC-1#146p3	T
CATGTTTCATCAACTG-1#146p3	T
TTTGTGTAGGTCACTT-1#146p3	T
GCTGTTCAGTCTGGGA-1#146p3	B
GACCAATGTCTGGGAA-1#146p3	T
GAGCATTCACGCTCAG-1#146p3	unknown
CTAGCGGAGCGCGTTC-1#146p3	T
TGCATGAGTCGATAGG-1#146p3	unknown
GACCCAGTCGATGCAT-1#146p3	T
AAACGAATCCATACGA-1#146p3	T
TGCTCGTAGCTCGGCT-1#146p3	monocyte
TATCTGTGTTGGCTAT-1#146p3	T
ACTCGGGTCCTGTGGG-1#146p3	T
AACTGGTCACGCGTTG-1#146p3	monocyte
AGACAAAGTGTAGGAC-1#146p3	monocyte
CCAGATACATCGTGAT-1#146p3	T
TCCCACACAATGGCAG-1#146p3	T
GGTGCTGGTAAACCCT-1#146p3	monocyte
CCGTACTAGTAATGTG-1#146p3	T
TTCAACTCAAGACTTC-1#146p3	T
TCCGACTGTAACACTC-1#146p3	T
TCTATTGGTGATAGAT-1#146p3	T
CTTTGCGGTTGTCGGC-1#146p3	monocyte
ACCGCAGAGTGAGTTA-1#146p3	T
TGACAACTCTGTCGGG-1#146p3	B
CTCTAGCAGAGAATTC-1#146p3	T
GCCATAATCTTCCAGC-1#146p3	T
GGAACCCTCTGGTACA-1#146p3	T
CATGTTTTCTATAGGC-1#146p3	T
CGTACAAAGTGCCCTG-1#146p3	T
GGATAGGGTTTCCGGG-1#146p3	T
GGGAACAAGTCCGGAA-1#146p3	B
TTGTTGTGTACCAAGG-1#146p3	T
GAGGTCCGTTACACTG-1#146p3	monocyte
TAACAGCTCAGGATCT-1#146p3	T
GTCACTCTCAGTGTAC-1#146p3	T
GAACCTAAGTTGCTTG-1#146p3	T
GACTAGTTCCGTTTCG-1#146p3	T
TTCATCAGTTAGAGAT-1#146p3	T
CTAACTTTCCAATCCC-1#146p3	T
CCTTGGTCACTTTGGA-1#146p3	T
TTACTTGTCTTAACGG-1#146p3	T
TACTGCCCACTCAGCG-1#146p3	T
CGATGATCAGAAAGAG-1#146p3	T
GGGAACACACATAAAG-1#146p3	T
CAAGCTACACGATTAC-1#146p3	B
GGCACGTTCCTTACGC-1#146p3	T
ACTAGGTTCGCGGCAT-1#146p3	monocyte
TTCTGTAAGTTCAACC-1#146p3	unknown
AATGGAAGTCCGGTAC-1#146p3	T
TACGCAAAGTGAGCAC-1#146p3	T
TCAATTCTCTGGGCGT-1#146p3	T
GCACGCAGTACTAGAA-1#146p3	T
GAGCATTGTAAGTCTC-1#146p3	T
TGTGACACAATGTGCT-1#146p3	T
ATAGGCTGTCCATTGA-1#146p3	T
CCTCCCTCAATTCAGC-1#146p3	B
TAGGAGGCACGATTAC-1#146p3	T
CGCTGGAGTTCATTTC-1#146p3	T
TCTCAGCGTGTGACCC-1#146p3	T
GGTAGGACAAGTCTGT-1#146p3	T
GCGGAAAAGACAGCTG-1#146p3	T
GGGAACATCGTCAACA-1#146p3	T
GGTACCGGTCTGGTTA-1#146p3	T
AGCTGGCAGTGCTAGG-1#146p3	T
TATGTTCGTATTGTGC-1#146p3	B
GGTCATATCACACGTA-1#146p3	T
CAGTGTAGTCCGCTTT-1#146p3	T
TTCTGTAGTCAGTGTT-1#146p3	T
TTCGGTCGTTTAGGAA-1#146p3	T
CAGTGCGGTTACTACG-1#146p3	B
ATGTACGCAATAGTGA-1#146p3	T
ACAGGCCAGACGTCAG-1#146p3	T
CCCTAACAGGGACGTT-1#146p3	T
GTCACAACAAGATTAG-1#146p3	T
ACCATCCTCGATATGC-1#146p3	T
AATACGCGTGGCGCTT-1#146p3	T
AGACAAAGTGCCGGTT-1#146p3	monocyte
TCACAAGTCCACGCTT-1#146p3	T
GATCATGTCACTTACT-1#146p3	T
TTACCGCGTCTGTTGA-1#146p3	T
GGAACTTCAGTATACC-1#146p3	monocyte
TCAAGCAGTGATGTGG-1#146p3	T
ACCTGCTGTTTGCCAA-1#146p3	T
GCTCAGGTCGTGGTAT-1#146p3	unknown
TTGCTATAGGAAGACA-1#146p3	T
CTTGCTGGTTTCCGGG-1#146p3	T
CCGAAGCGTCCAAGTT-1#146p3	T
GCTTTCGAGTGCTGAG-1#146p3	T
GCGCATGGTCTGGGCT-1#146p3	unknown
GCGGTGTAGCTCGGCT-1#146p3	T
TGGAAGGCAACGTCCG-1#146p3	T
CCGTAGGTCGCAAACT-1#146p3	T
TGTACAGAGAGCCACA-1#146p3	T
CCCTCTCGTCAGAGTG-1#146p3	T
GCTCAGGTCCTCATTA-1#146p3	B
CAGTGCGTCAGAGTGG-1#146p3	T
ACTACGAGTGTGTGTT-1#146p3	monocyte
ATCCCTGTCAGCACGC-1#146p3	T
ACAGGCCCATGGATGG-1#146p3	T
TCCCACACACTCAAGT-1#146p3	T
CACAACACAATGACTC-1#146p3	B
TTCTAACGTGCCGGTT-1#146p3	B
AACCTGACAGGTTATC-1#146p3	T
GTCACCTTCACTCGGG-1#146p3	T
AGGACGAGTCTCGGGT-1#146p3	T
TGACAACTCGCTGATA-1#146p3	T
TGTAAGCGTAGAATAC-1#146p3	T
GCTTAAGCAAGCCCTG-1#146p3	B
CCTGGGAAGAGAGTTT-1#146p3	T
TTAGGTGAGTATAGTG-1#146p3	T
GTGCACGGTATACGCT-1#146p3	T
CGCTAGGGTGGCATAG-1#146p3	B
TTGCGAATCCGTGCGA-1#146p3	B
CTCACCAAGGCTCAGA-1#146p3	T
AACAGTCGTACTTCAG-1#146p3	T
TATGTGGTCGGTGATT-1#146p3	T
GAAGAGCCAATGACTC-1#146p3	T
GCAGATTCACGTTACA-1#146p3	T
AGTGCCGGTAAAGCTA-1#146p3	T
GTCACAAGTTTAGACC-1#146p3	T
AGCGATTGTATTTGCG-1#146p3	T
CTCACCAGTCCGCTTT-1#146p3	T
TCCCACATCTTCACTA-1#146p3	T
ATAGGCTTCGTTGTTT-1#146p3	T
CCTTAATTCGGATCGC-1#146p3	T
TAACGGTTCTATATCC-1#146p3	T
ACTGCGGCAAGCAGGT-1#146p3	T
TTGACGAGTCTGTGTA-1#146p3	B
CACGTTCTCAGGAAGC-1#146p3	T
TAGCATGCAGGCAAGT-1#146p3	T
AGTTACGTCGACTCGG-1#146p3	monocyte
GCTCCTACACAATAAG-1#146p3	T
TCGCCTACATCGGCTG-1#146p3	B
GTGGCGTCACGATTAC-1#146p3	T
GGGTTATCACCTGTGG-1#146p3	B
TCTAGTTCAACGTCGC-1#146p3	T
TGAGCCGGTAGAACGC-1#146p3	B
TATCGAGTCCTGAAAC-1#146p3	T
AACCTGAAGGCTGGAT-1#146p3	T
TCGTTCGAGATCGATA-1#146p3	T
TGGACATCATACTGCA-1#146p3	T
CGTAAACCACTCGGAC-1#146p3	unknown
CAGCTAATCGTAGCGC-1#146p3	T
ACTTCCGGTTTAAGGA-1#146p3	T
GATTAGCTCTTTGCAT-1#146p3	unknown
TTCTGTACAACGTAGG-1#146p3	T
TCAGGTAGTCTAACCA-1#146p3	T
GAACCGCCATGCCCTT-1#146p3	T
ATGGATCGTGTACGCC-1#146p3	T
CCGTACTGTTAAGGGC-1#146p3	T
TATGTGGGTGGACAGT-1#146p3	T
ATTGTGGAGCAGTAGC-1#146p3	T
TTGTTCACAGTTCGGC-1#146p3	T
ATGGATCCAATTGGCT-1#146p3	T
TACGGATAGGAAGACA-1#146p3	T
GCTGTTCGTCGGCTGT-1#146p3	T
CTAACTTCAAAGCTGG-1#146p3	T
AGTGCGCAGCCAGAAC-1#146p3	T
ACTAACGCACATGATC-1#146p3	T
GTGTCAATCTCATATC-1#146p3	T
GCTCCTAAGTATACGA-1#146p3	T
TGCTTTACAGGGCTTC-1#146p3	T
AACCTGACAGATTTGC-1#146p3	B
CTCAGAAAGGCCTCTG-1#146p3	T
AACTGGTAGGGAAGCG-1#146p3	T
GATTAGCAGGTTAGTA-1#146p3	T
GCGGTGTAGCTTCAAC-1#146p3	T
CAACGGCCACCGATCG-1#146p3	T
TTGCGGGCATGGCCGT-1#146p3	T
TATCTGTTCAGTGTGT-1#146p3	T
GCAGCCACAGGTTATC-1#146p3	B
ACTAACGGTAAGGTCG-1#146p3	T
CTGTTCGCAATTGCCA-1#146p3	T
GTTACGAAGTGTAATG-1#146p3	T
GCTCAGGCAAAGCATA-1#146p3	T
ACAGAAATCTATGAGC-1#146p3	unknown
GCGGGTTTCCTGTGGG-1#146p3	T
CTACTTATCATTCATC-1#146p3	T
TGCTTTATCAGTACAC-1#146p3	T
GACTAACCACAACGGA-1#146p3	T
TTGCGAAGTTCTTTCA-1#146p3	T
AGCCGCAAGTAGACCG-1#146p3	T
TAATTCCTCATACTTC-1#146p3	T
GCCTAGGTCCAAACCA-1#146p3	T
GAGGTCCTCGCTAGTA-1#146p3	T
GCCAGACAGCTATCCA-1#146p3	T
TGTGGCGAGCCTATAC-1#146p3	T
TTAGCGACAGTAACTC-1#146p3	T
TGGGTGCGTGCCAAGA-1#146p3	B
TGGTCCTAGTACCTCA-1#146p3	monocyte
ACCATCCAGACGACTG-1#146p3	T
GTTCAAGCACAGCCAC-1#146p3	T
CTTTGCGGTACGGATG-1#146p3	T
AGCCGCAAGCAGGACT-1#146p3	T
AATGGCTCATTGAACC-1#146p3	T
TAATTCCGTTTAAGGA-1#146p3	T
GAGCATTGTGCACTTA-1#146p3	T
AACAAAGAGGCTCAGA-1#146p3	T
TCAGGGCAGTATGCTC-1#146p3	T
TAATTCCAGGGCTCTC-1#146p3	T
ACTGTCCGTGTCCCAG-1#146p3	T
TATCTGTCACTTGCGG-1#146p3	T
GGTACCGAGTCTGCTA-1#146p3	T
GGGAACATCGATTACG-1#146p3	T
